"","x"
"1","spam"
"2","spam"
"3","spam"
"4","spam"
"5","spam"
"6","spam"
"7","spam"
"8","spam"
"9","spam"
"10","spam"
"11","spam"
"12","nonspam"
"13","spam"
"14","nonspam"
"15","spam"
"16","spam"
"17","spam"
"18","spam"
"19","nonspam"
"20","spam"
"21","spam"
"22","spam"
"23","spam"
"24","spam"
"25","spam"
"26","spam"
"27","spam"
"28","spam"
"29","spam"
"30","spam"
"31","nonspam"
"32","spam"
"33","spam"
"34","spam"
"35","spam"
"36","spam"
"37","spam"
"38","spam"
"39","spam"
"40","spam"
"41","spam"
"42","spam"
"43","spam"
"44","spam"
"45","spam"
"46","spam"
"47","spam"
"48","spam"
"49","spam"
"50","spam"
"51","spam"
"52","spam"
"53","spam"
"54","spam"
"55","spam"
"56","spam"
"57","spam"
"58","spam"
"59","spam"
"60","nonspam"
"61","spam"
"62","spam"
"63","spam"
"64","spam"
"65","spam"
"66","spam"
"67","spam"
"68","spam"
"69","spam"
"70","spam"
"71","spam"
"72","spam"
"73","spam"
"74","spam"
"75","spam"
"76","spam"
"77","spam"
"78","spam"
"79","nonspam"
"80","spam"
"81","spam"
"82","spam"
"83","spam"
"84","spam"
"85","spam"
"86","spam"
"87","spam"
"88","spam"
"89","spam"
"90","spam"
"91","nonspam"
"92","spam"
"93","spam"
"94","spam"
"95","spam"
"96","spam"
"97","spam"
"98","spam"
"99","spam"
"100","spam"
"101","spam"
"102","nonspam"
"103","nonspam"
"104","spam"
"105","spam"
"106","spam"
"107","spam"
"108","spam"
"109","spam"
"110","spam"
"111","spam"
"112","spam"
"113","spam"
"114","spam"
"115","spam"
"116","spam"
"117","spam"
"118","spam"
"119","spam"
"120","spam"
"121","spam"
"122","spam"
"123","spam"
"124","spam"
"125","spam"
"126","spam"
"127","spam"
"128","nonspam"
"129","spam"
"130","spam"
"131","spam"
"132","spam"
"133","spam"
"134","spam"
"135","spam"
"136","spam"
"137","spam"
"138","spam"
"139","spam"
"140","spam"
"141","spam"
"142","spam"
"143","spam"
"144","spam"
"145","nonspam"
"146","nonspam"
"147","spam"
"148","nonspam"
"149","spam"
"150","spam"
"151","spam"
"152","spam"
"153","spam"
"154","spam"
"155","spam"
"156","spam"
"157","nonspam"
"158","nonspam"
"159","spam"
"160","spam"
"161","spam"
"162","spam"
"163","spam"
"164","spam"
"165","spam"
"166","spam"
"167","spam"
"168","spam"
"169","spam"
"170","spam"
"171","spam"
"172","spam"
"173","spam"
"174","spam"
"175","spam"
"176","spam"
"177","spam"
"178","spam"
"179","nonspam"
"180","spam"
"181","spam"
"182","spam"
"183","spam"
"184","spam"
"185","spam"
"186","spam"
"187","spam"
"188","spam"
"189","spam"
"190","spam"
"191","spam"
"192","spam"
"193","spam"
"194","spam"
"195","spam"
"196","spam"
"197","spam"
"198","spam"
"199","spam"
"200","spam"
"201","spam"
"202","spam"
"203","spam"
"204","spam"
"205","spam"
"206","nonspam"
"207","spam"
"208","spam"
"209","spam"
"210","spam"
"211","spam"
"212","spam"
"213","spam"
"214","spam"
"215","spam"
"216","spam"
"217","spam"
"218","spam"
"219","spam"
"220","spam"
"221","spam"
"222","spam"
"223","nonspam"
"224","spam"
"225","spam"
"226","spam"
"227","nonspam"
"228","spam"
"229","spam"
"230","spam"
"231","nonspam"
"232","spam"
"233","spam"
"234","nonspam"
"235","nonspam"
"236","spam"
"237","nonspam"
"238","spam"
"239","spam"
"240","spam"
"241","nonspam"
"242","spam"
"243","nonspam"
"244","spam"
"245","spam"
"246","spam"
"247","spam"
"248","spam"
"249","spam"
"250","spam"
"251","spam"
"252","spam"
"253","spam"
"254","spam"
"255","spam"
"256","spam"
"257","spam"
"258","nonspam"
"259","spam"
"260","spam"
"261","nonspam"
"262","spam"
"263","spam"
"264","spam"
"265","spam"
"266","spam"
"267","nonspam"
"268","spam"
"269","spam"
"270","spam"
"271","spam"
"272","spam"
"273","spam"
"274","spam"
"275","spam"
"276","spam"
"277","nonspam"
"278","nonspam"
"279","spam"
"280","spam"
"281","spam"
"282","nonspam"
"283","spam"
"284","spam"
"285","spam"
"286","spam"
"287","spam"
"288","spam"
"289","spam"
"290","nonspam"
"291","spam"
"292","spam"
"293","spam"
"294","spam"
"295","nonspam"
"296","spam"
"297","spam"
"298","nonspam"
"299","spam"
"300","spam"
"301","nonspam"
"302","nonspam"
"303","spam"
"304","spam"
"305","spam"
"306","spam"
"307","spam"
"308","spam"
"309","spam"
"310","spam"
"311","spam"
"312","spam"
"313","spam"
"314","spam"
"315","spam"
"316","nonspam"
"317","spam"
"318","spam"
"319","spam"
"320","spam"
"321","spam"
"322","spam"
"323","spam"
"324","spam"
"325","spam"
"326","spam"
"327","spam"
"328","spam"
"329","spam"
"330","spam"
"331","spam"
"332","spam"
"333","spam"
"334","spam"
"335","spam"
"336","spam"
"337","spam"
"338","spam"
"339","spam"
"340","spam"
"341","spam"
"342","spam"
"343","spam"
"344","spam"
"345","spam"
"346","spam"
"347","spam"
"348","nonspam"
"349","spam"
"350","spam"
"351","spam"
"352","nonspam"
"353","spam"
"354","spam"
"355","spam"
"356","spam"
"357","spam"
"358","spam"
"359","spam"
"360","spam"
"361","spam"
"362","spam"
"363","spam"
"364","spam"
"365","spam"
"366","spam"
"367","spam"
"368","spam"
"369","spam"
"370","spam"
"371","spam"
"372","spam"
"373","spam"
"374","nonspam"
"375","spam"
"376","spam"
"377","spam"
"378","spam"
"379","spam"
"380","spam"
"381","spam"
"382","spam"
"383","spam"
"384","spam"
"385","spam"
"386","spam"
"387","spam"
"388","spam"
"389","spam"
"390","spam"
"391","spam"
"392","spam"
"393","spam"
"394","spam"
"395","spam"
"396","spam"
"397","spam"
"398","spam"
"399","spam"
"400","spam"
"401","spam"
"402","spam"
"403","spam"
"404","spam"
"405","spam"
"406","spam"
"407","spam"
"408","spam"
"409","spam"
"410","nonspam"
"411","spam"
"412","spam"
"413","spam"
"414","spam"
"415","spam"
"416","nonspam"
"417","spam"
"418","spam"
"419","spam"
"420","spam"
"421","spam"
"422","spam"
"423","spam"
"424","nonspam"
"425","spam"
"426","nonspam"
"427","spam"
"428","spam"
"429","spam"
"430","spam"
"431","spam"
"432","spam"
"433","spam"
"434","nonspam"
"435","spam"
"436","nonspam"
"437","spam"
"438","spam"
"439","spam"
"440","nonspam"
"441","spam"
"442","spam"
"443","spam"
"444","spam"
"445","spam"
"446","spam"
"447","spam"
"448","spam"
"449","spam"
"450","spam"
"451","spam"
"452","spam"
"453","spam"
"454","spam"
"455","spam"
"456","spam"
"457","spam"
"458","spam"
"459","spam"
"460","spam"
"461","spam"
"462","nonspam"
"463","spam"
"464","nonspam"
"465","spam"
"466","spam"
"467","spam"
"468","spam"
"469","spam"
"470","spam"
"471","spam"
"472","spam"
"473","spam"
"474","spam"
"475","spam"
"476","spam"
"477","spam"
"478","spam"
"479","spam"
"480","spam"
"481","spam"
"482","spam"
"483","spam"
"484","spam"
"485","spam"
"486","spam"
"487","spam"
"488","spam"
"489","spam"
"490","spam"
"491","spam"
"492","nonspam"
"493","nonspam"
"494","spam"
"495","spam"
"496","spam"
"497","spam"
"498","nonspam"
"499","spam"
"500","spam"
"501","spam"
"502","spam"
"503","spam"
"504","spam"
"505","spam"
"506","spam"
"507","spam"
"508","spam"
"509","spam"
"510","spam"
"511","spam"
"512","spam"
"513","spam"
"514","spam"
"515","spam"
"516","spam"
"517","spam"
"518","spam"
"519","spam"
"520","spam"
"521","spam"
"522","spam"
"523","spam"
"524","spam"
"525","spam"
"526","spam"
"527","spam"
"528","spam"
"529","spam"
"530","spam"
"531","spam"
"532","spam"
"533","spam"
"534","spam"
"535","spam"
"536","spam"
"537","spam"
"538","spam"
"539","spam"
"540","spam"
"541","spam"
"542","nonspam"
"543","spam"
"544","spam"
"545","spam"
"546","spam"
"547","spam"
"548","nonspam"
"549","nonspam"
"550","spam"
"551","spam"
"552","spam"
"553","nonspam"
"554","spam"
"555","nonspam"
"556","spam"
"557","spam"
"558","spam"
"559","spam"
"560","spam"
"561","nonspam"
"562","spam"
"563","spam"
"564","spam"
"565","spam"
"566","spam"
"567","nonspam"
"568","spam"
"569","nonspam"
"570","spam"
"571","spam"
"572","spam"
"573","spam"
"574","spam"
"575","spam"
"576","spam"
"577","spam"
"578","spam"
"579","spam"
"580","spam"
"581","spam"
"582","spam"
"583","spam"
"584","spam"
"585","spam"
"586","spam"
"587","spam"
"588","spam"
"589","spam"
"590","nonspam"
"591","spam"
"592","spam"
"593","spam"
"594","spam"
"595","spam"
"596","spam"
"597","spam"
"598","spam"
"599","spam"
"600","spam"
"601","spam"
"602","spam"
"603","nonspam"
"604","spam"
"605","nonspam"
"606","spam"
"607","spam"
"608","spam"
"609","spam"
"610","spam"
"611","spam"
"612","spam"
"613","nonspam"
"614","nonspam"
"615","spam"
"616","spam"
"617","spam"
"618","nonspam"
"619","spam"
"620","nonspam"
"621","spam"
"622","spam"
"623","spam"
"624","spam"
"625","spam"
"626","nonspam"
"627","spam"
"628","spam"
"629","spam"
"630","spam"
"631","spam"
"632","spam"
"633","spam"
"634","spam"
"635","spam"
"636","nonspam"
"637","spam"
"638","spam"
"639","spam"
"640","spam"
"641","spam"
"642","spam"
"643","nonspam"
"644","nonspam"
"645","spam"
"646","spam"
"647","spam"
"648","spam"
"649","spam"
"650","spam"
"651","spam"
"652","spam"
"653","spam"
"654","spam"
"655","spam"
"656","spam"
"657","spam"
"658","spam"
"659","nonspam"
"660","spam"
"661","spam"
"662","nonspam"
"663","nonspam"
"664","spam"
"665","nonspam"
"666","spam"
"667","spam"
"668","spam"
"669","spam"
"670","spam"
"671","spam"
"672","spam"
"673","spam"
"674","spam"
"675","spam"
"676","spam"
"677","spam"
"678","spam"
"679","spam"
"680","spam"
"681","spam"
"682","spam"
"683","spam"
"684","spam"
"685","spam"
"686","spam"
"687","spam"
"688","spam"
"689","spam"
"690","spam"
"691","nonspam"
"692","spam"
"693","spam"
"694","spam"
"695","spam"
"696","spam"
"697","spam"
"698","spam"
"699","spam"
"700","spam"
"701","spam"
"702","spam"
"703","spam"
"704","nonspam"
"705","nonspam"
"706","spam"
"707","spam"
"708","spam"
"709","spam"
"710","spam"
"711","spam"
"712","spam"
"713","spam"
"714","spam"
"715","spam"
"716","spam"
"717","spam"
"718","nonspam"
"719","spam"
"720","spam"
"721","spam"
"722","spam"
"723","spam"
"724","spam"
"725","spam"
"726","spam"
"727","spam"
"728","spam"
"729","spam"
"730","spam"
"731","spam"
"732","spam"
"733","spam"
"734","spam"
"735","spam"
"736","spam"
"737","nonspam"
"738","spam"
"739","spam"
"740","spam"
"741","spam"
"742","nonspam"
"743","spam"
"744","spam"
"745","spam"
"746","spam"
"747","spam"
"748","spam"
"749","spam"
"750","spam"
"751","spam"
"752","spam"
"753","spam"
"754","spam"
"755","spam"
"756","spam"
"757","nonspam"
"758","nonspam"
"759","spam"
"760","nonspam"
"761","spam"
"762","nonspam"
"763","spam"
"764","spam"
"765","spam"
"766","nonspam"
"767","spam"
"768","spam"
"769","spam"
"770","nonspam"
"771","spam"
"772","spam"
"773","spam"
"774","spam"
"775","spam"
"776","spam"
"777","spam"
"778","spam"
"779","spam"
"780","spam"
"781","spam"
"782","spam"
"783","spam"
"784","spam"
"785","spam"
"786","spam"
"787","spam"
"788","spam"
"789","spam"
"790","spam"
"791","spam"
"792","spam"
"793","spam"
"794","spam"
"795","spam"
"796","spam"
"797","spam"
"798","spam"
"799","spam"
"800","spam"
"801","nonspam"
"802","spam"
"803","nonspam"
"804","nonspam"
"805","spam"
"806","spam"
"807","spam"
"808","spam"
"809","nonspam"
"810","spam"
"811","spam"
"812","nonspam"
"813","nonspam"
"814","spam"
"815","spam"
"816","spam"
"817","nonspam"
"818","nonspam"
"819","spam"
"820","nonspam"
"821","spam"
"822","spam"
"823","spam"
"824","spam"
"825","spam"
"826","spam"
"827","spam"
"828","nonspam"
"829","spam"
"830","spam"
"831","spam"
"832","spam"
"833","spam"
"834","spam"
"835","spam"
"836","spam"
"837","nonspam"
"838","spam"
"839","spam"
"840","spam"
"841","spam"
"842","spam"
"843","spam"
"844","nonspam"
"845","spam"
"846","spam"
"847","nonspam"
"848","spam"
"849","spam"
"850","spam"
"851","spam"
"852","nonspam"
"853","spam"
"854","nonspam"
"855","nonspam"
"856","nonspam"
"857","nonspam"
"858","spam"
"859","nonspam"
"860","spam"
"861","spam"
"862","spam"
"863","nonspam"
"864","nonspam"
"865","spam"
"866","spam"
"867","spam"
"868","nonspam"
"869","spam"
"870","nonspam"
"871","spam"
"872","spam"
"873","spam"
"874","spam"
"875","spam"
"876","spam"
"877","spam"
"878","nonspam"
"879","nonspam"
"880","spam"
"881","spam"
"882","spam"
"883","nonspam"
"884","nonspam"
"885","spam"
"886","spam"
"887","spam"
"888","spam"
"889","spam"
"890","nonspam"
"891","nonspam"
"892","spam"
"893","spam"
"894","spam"
"895","spam"
"896","spam"
"897","spam"
"898","spam"
"899","spam"
"900","spam"
"901","spam"
"902","spam"
"903","spam"
"904","spam"
"905","spam"
"906","nonspam"
"907","spam"
"908","spam"
"909","nonspam"
"910","nonspam"
"911","nonspam"
"912","nonspam"
"913","nonspam"
"914","nonspam"
"915","nonspam"
"916","nonspam"
"917","nonspam"
"918","nonspam"
"919","nonspam"
"920","nonspam"
"921","nonspam"
"922","nonspam"
"923","nonspam"
"924","nonspam"
"925","nonspam"
"926","nonspam"
"927","nonspam"
"928","nonspam"
"929","nonspam"
"930","nonspam"
"931","nonspam"
"932","nonspam"
"933","nonspam"
"934","nonspam"
"935","nonspam"
"936","nonspam"
"937","nonspam"
"938","nonspam"
"939","nonspam"
"940","nonspam"
"941","nonspam"
"942","nonspam"
"943","nonspam"
"944","nonspam"
"945","nonspam"
"946","nonspam"
"947","nonspam"
"948","nonspam"
"949","nonspam"
"950","nonspam"
"951","nonspam"
"952","nonspam"
"953","nonspam"
"954","nonspam"
"955","spam"
"956","nonspam"
"957","nonspam"
"958","nonspam"
"959","nonspam"
"960","nonspam"
"961","nonspam"
"962","nonspam"
"963","nonspam"
"964","nonspam"
"965","nonspam"
"966","spam"
"967","nonspam"
"968","nonspam"
"969","nonspam"
"970","nonspam"
"971","nonspam"
"972","nonspam"
"973","nonspam"
"974","nonspam"
"975","nonspam"
"976","nonspam"
"977","nonspam"
"978","nonspam"
"979","nonspam"
"980","nonspam"
"981","nonspam"
"982","nonspam"
"983","nonspam"
"984","nonspam"
"985","nonspam"
"986","nonspam"
"987","nonspam"
"988","nonspam"
"989","nonspam"
"990","nonspam"
"991","nonspam"
"992","nonspam"
"993","nonspam"
"994","nonspam"
"995","nonspam"
"996","nonspam"
"997","nonspam"
"998","nonspam"
"999","nonspam"
"1000","nonspam"
"1001","nonspam"
"1002","nonspam"
"1003","nonspam"
"1004","nonspam"
"1005","nonspam"
"1006","nonspam"
"1007","nonspam"
"1008","nonspam"
"1009","nonspam"
"1010","nonspam"
"1011","nonspam"
"1012","nonspam"
"1013","nonspam"
"1014","nonspam"
"1015","nonspam"
"1016","nonspam"
"1017","nonspam"
"1018","nonspam"
"1019","nonspam"
"1020","nonspam"
"1021","nonspam"
"1022","nonspam"
"1023","nonspam"
"1024","nonspam"
"1025","nonspam"
"1026","nonspam"
"1027","nonspam"
"1028","nonspam"
"1029","nonspam"
"1030","nonspam"
"1031","nonspam"
"1032","spam"
"1033","nonspam"
"1034","nonspam"
"1035","nonspam"
"1036","nonspam"
"1037","nonspam"
"1038","nonspam"
"1039","nonspam"
"1040","nonspam"
"1041","nonspam"
"1042","nonspam"
"1043","nonspam"
"1044","nonspam"
"1045","spam"
"1046","nonspam"
"1047","nonspam"
"1048","nonspam"
"1049","nonspam"
"1050","nonspam"
"1051","nonspam"
"1052","nonspam"
"1053","nonspam"
"1054","nonspam"
"1055","nonspam"
"1056","nonspam"
"1057","nonspam"
"1058","nonspam"
"1059","nonspam"
"1060","nonspam"
"1061","nonspam"
"1062","nonspam"
"1063","nonspam"
"1064","nonspam"
"1065","nonspam"
"1066","nonspam"
"1067","nonspam"
"1068","nonspam"
"1069","nonspam"
"1070","nonspam"
"1071","nonspam"
"1072","nonspam"
"1073","nonspam"
"1074","nonspam"
"1075","nonspam"
"1076","nonspam"
"1077","nonspam"
"1078","nonspam"
"1079","nonspam"
"1080","nonspam"
"1081","nonspam"
"1082","nonspam"
"1083","spam"
"1084","nonspam"
"1085","nonspam"
"1086","nonspam"
"1087","nonspam"
"1088","nonspam"
"1089","nonspam"
"1090","nonspam"
"1091","nonspam"
"1092","nonspam"
"1093","nonspam"
"1094","nonspam"
"1095","nonspam"
"1096","nonspam"
"1097","nonspam"
"1098","nonspam"
"1099","nonspam"
"1100","nonspam"
"1101","nonspam"
"1102","nonspam"
"1103","nonspam"
"1104","spam"
"1105","nonspam"
"1106","nonspam"
"1107","nonspam"
"1108","nonspam"
"1109","nonspam"
"1110","nonspam"
"1111","nonspam"
"1112","nonspam"
"1113","nonspam"
"1114","nonspam"
"1115","nonspam"
"1116","nonspam"
"1117","nonspam"
"1118","nonspam"
"1119","nonspam"
"1120","nonspam"
"1121","nonspam"
"1122","nonspam"
"1123","nonspam"
"1124","nonspam"
"1125","nonspam"
"1126","nonspam"
"1127","nonspam"
"1128","nonspam"
"1129","nonspam"
"1130","nonspam"
"1131","nonspam"
"1132","nonspam"
"1133","nonspam"
"1134","nonspam"
"1135","nonspam"
"1136","nonspam"
"1137","nonspam"
"1138","nonspam"
"1139","nonspam"
"1140","nonspam"
"1141","nonspam"
"1142","nonspam"
"1143","spam"
"1144","nonspam"
"1145","nonspam"
"1146","nonspam"
"1147","nonspam"
"1148","nonspam"
"1149","nonspam"
"1150","nonspam"
"1151","nonspam"
"1152","nonspam"
"1153","nonspam"
"1154","nonspam"
"1155","nonspam"
"1156","nonspam"
"1157","nonspam"
"1158","nonspam"
"1159","nonspam"
"1160","nonspam"
"1161","nonspam"
"1162","nonspam"
"1163","nonspam"
"1164","nonspam"
"1165","nonspam"
"1166","nonspam"
"1167","nonspam"
"1168","spam"
"1169","nonspam"
"1170","nonspam"
"1171","nonspam"
"1172","nonspam"
"1173","nonspam"
"1174","nonspam"
"1175","nonspam"
"1176","nonspam"
"1177","nonspam"
"1178","nonspam"
"1179","nonspam"
"1180","nonspam"
"1181","nonspam"
"1182","nonspam"
"1183","nonspam"
"1184","nonspam"
"1185","nonspam"
"1186","nonspam"
"1187","nonspam"
"1188","nonspam"
"1189","nonspam"
"1190","nonspam"
"1191","nonspam"
"1192","nonspam"
"1193","nonspam"
"1194","nonspam"
"1195","nonspam"
"1196","nonspam"
"1197","nonspam"
"1198","nonspam"
"1199","nonspam"
"1200","nonspam"
"1201","nonspam"
"1202","nonspam"
"1203","nonspam"
"1204","nonspam"
"1205","nonspam"
"1206","nonspam"
"1207","nonspam"
"1208","nonspam"
"1209","nonspam"
"1210","nonspam"
"1211","nonspam"
"1212","nonspam"
"1213","nonspam"
"1214","nonspam"
"1215","nonspam"
"1216","nonspam"
"1217","nonspam"
"1218","nonspam"
"1219","nonspam"
"1220","nonspam"
"1221","nonspam"
"1222","nonspam"
"1223","nonspam"
"1224","nonspam"
"1225","nonspam"
"1226","nonspam"
"1227","nonspam"
"1228","nonspam"
"1229","nonspam"
"1230","nonspam"
"1231","nonspam"
"1232","nonspam"
"1233","nonspam"
"1234","nonspam"
"1235","nonspam"
"1236","nonspam"
"1237","nonspam"
"1238","nonspam"
"1239","nonspam"
"1240","nonspam"
"1241","nonspam"
"1242","nonspam"
"1243","nonspam"
"1244","nonspam"
"1245","nonspam"
"1246","nonspam"
"1247","nonspam"
"1248","nonspam"
"1249","nonspam"
"1250","nonspam"
"1251","nonspam"
"1252","spam"
"1253","nonspam"
"1254","nonspam"
"1255","nonspam"
"1256","nonspam"
"1257","nonspam"
"1258","nonspam"
"1259","nonspam"
"1260","nonspam"
"1261","nonspam"
"1262","nonspam"
"1263","nonspam"
"1264","nonspam"
"1265","nonspam"
"1266","spam"
"1267","nonspam"
"1268","nonspam"
"1269","nonspam"
"1270","nonspam"
"1271","nonspam"
"1272","nonspam"
"1273","nonspam"
"1274","nonspam"
"1275","nonspam"
"1276","nonspam"
"1277","nonspam"
"1278","nonspam"
"1279","spam"
"1280","nonspam"
"1281","nonspam"
"1282","nonspam"
"1283","nonspam"
"1284","nonspam"
"1285","nonspam"
"1286","nonspam"
"1287","nonspam"
"1288","nonspam"
"1289","nonspam"
"1290","nonspam"
"1291","nonspam"
"1292","nonspam"
"1293","nonspam"
"1294","nonspam"
"1295","nonspam"
"1296","nonspam"
"1297","nonspam"
"1298","nonspam"
"1299","nonspam"
"1300","nonspam"
"1301","nonspam"
"1302","nonspam"
"1303","nonspam"
"1304","nonspam"
"1305","nonspam"
"1306","nonspam"
"1307","nonspam"
"1308","nonspam"
"1309","nonspam"
"1310","nonspam"
"1311","nonspam"
"1312","spam"
"1313","nonspam"
"1314","nonspam"
"1315","nonspam"
"1316","nonspam"
"1317","nonspam"
"1318","nonspam"
"1319","nonspam"
"1320","nonspam"
"1321","nonspam"
"1322","nonspam"
"1323","nonspam"
"1324","nonspam"
"1325","spam"
"1326","nonspam"
"1327","nonspam"
"1328","nonspam"
"1329","nonspam"
"1330","nonspam"
"1331","nonspam"
"1332","nonspam"
"1333","nonspam"
"1334","nonspam"
"1335","nonspam"
"1336","nonspam"
"1337","nonspam"
"1338","nonspam"
"1339","nonspam"
"1340","nonspam"
"1341","spam"
"1342","nonspam"
"1343","nonspam"
"1344","nonspam"
"1345","nonspam"
"1346","nonspam"
"1347","nonspam"
"1348","nonspam"
"1349","nonspam"
"1350","nonspam"
"1351","nonspam"
"1352","nonspam"
"1353","nonspam"
"1354","nonspam"
"1355","nonspam"
"1356","nonspam"
"1357","nonspam"
"1358","nonspam"
"1359","nonspam"
"1360","spam"
"1361","nonspam"
"1362","nonspam"
"1363","nonspam"
"1364","nonspam"
"1365","nonspam"
"1366","nonspam"
"1367","nonspam"
"1368","nonspam"
"1369","spam"
"1370","nonspam"
"1371","spam"
"1372","nonspam"
"1373","nonspam"
"1374","nonspam"
"1375","nonspam"
"1376","nonspam"
"1377","nonspam"
"1378","nonspam"
"1379","nonspam"
"1380","spam"
"1381","nonspam"
"1382","nonspam"
"1383","nonspam"
"1384","nonspam"
"1385","nonspam"
"1386","nonspam"
"1387","nonspam"
"1388","nonspam"
"1389","nonspam"
"1390","spam"
"1391","nonspam"
"1392","nonspam"
"1393","nonspam"
"1394","nonspam"
"1395","nonspam"
"1396","nonspam"
"1397","nonspam"
"1398","nonspam"
"1399","nonspam"
"1400","nonspam"
"1401","nonspam"
"1402","nonspam"
"1403","nonspam"
"1404","nonspam"
"1405","nonspam"
"1406","nonspam"
"1407","nonspam"
"1408","nonspam"
"1409","nonspam"
"1410","nonspam"
"1411","nonspam"
"1412","nonspam"
"1413","nonspam"
"1414","nonspam"
"1415","nonspam"
"1416","nonspam"
"1417","nonspam"
"1418","nonspam"
"1419","nonspam"
"1420","nonspam"
"1421","nonspam"
"1422","nonspam"
"1423","nonspam"
"1424","nonspam"
"1425","nonspam"
"1426","nonspam"
"1427","nonspam"
"1428","nonspam"
"1429","nonspam"
"1430","spam"
"1431","nonspam"
"1432","nonspam"
"1433","nonspam"
"1434","nonspam"
"1435","nonspam"
"1436","spam"
"1437","nonspam"
"1438","nonspam"
"1439","nonspam"
"1440","nonspam"
"1441","nonspam"
"1442","nonspam"
"1443","nonspam"
"1444","nonspam"
"1445","nonspam"
"1446","nonspam"
"1447","nonspam"
"1448","nonspam"
"1449","nonspam"
"1450","nonspam"
"1451","nonspam"
"1452","nonspam"
"1453","nonspam"
"1454","nonspam"
"1455","nonspam"
"1456","nonspam"
"1457","nonspam"
"1458","nonspam"
"1459","nonspam"
"1460","nonspam"
"1461","nonspam"
"1462","nonspam"
"1463","nonspam"
"1464","nonspam"
"1465","nonspam"
"1466","nonspam"
"1467","nonspam"
"1468","nonspam"
"1469","nonspam"
"1470","nonspam"
"1471","nonspam"
"1472","nonspam"
"1473","nonspam"
"1474","nonspam"
"1475","nonspam"
"1476","nonspam"
"1477","nonspam"
"1478","nonspam"
"1479","spam"
"1480","nonspam"
"1481","nonspam"
"1482","nonspam"
"1483","nonspam"
"1484","nonspam"
"1485","nonspam"
"1486","nonspam"
"1487","nonspam"
"1488","nonspam"
"1489","nonspam"
"1490","nonspam"
"1491","nonspam"
"1492","nonspam"
"1493","nonspam"
"1494","nonspam"
"1495","nonspam"
"1496","nonspam"
"1497","nonspam"
"1498","nonspam"
"1499","nonspam"
"1500","nonspam"
"1501","nonspam"
"1502","nonspam"
"1503","nonspam"
"1504","nonspam"
"1505","nonspam"
"1506","nonspam"
"1507","nonspam"
"1508","spam"
"1509","nonspam"
"1510","nonspam"
"1511","nonspam"
"1512","nonspam"
"1513","nonspam"
"1514","nonspam"
"1515","nonspam"
"1516","nonspam"
"1517","nonspam"
"1518","nonspam"
"1519","nonspam"
"1520","nonspam"
"1521","nonspam"
"1522","nonspam"
"1523","nonspam"
"1524","nonspam"
"1525","nonspam"
"1526","nonspam"
"1527","spam"
"1528","nonspam"
"1529","nonspam"
"1530","nonspam"
"1531","nonspam"
"1532","nonspam"
"1533","nonspam"
"1534","nonspam"
"1535","nonspam"
"1536","nonspam"
"1537","nonspam"
"1538","nonspam"
"1539","nonspam"
"1540","nonspam"
"1541","nonspam"
"1542","nonspam"
"1543","nonspam"
"1544","nonspam"
"1545","nonspam"
"1546","nonspam"
"1547","nonspam"
"1548","nonspam"
"1549","nonspam"
"1550","nonspam"
"1551","nonspam"
"1552","nonspam"
"1553","nonspam"
"1554","nonspam"
"1555","nonspam"
"1556","nonspam"
"1557","nonspam"
"1558","nonspam"
"1559","nonspam"
"1560","nonspam"
"1561","nonspam"
"1562","nonspam"
"1563","nonspam"
"1564","nonspam"
"1565","nonspam"
"1566","nonspam"
"1567","nonspam"
"1568","nonspam"
"1569","nonspam"
"1570","nonspam"
"1571","nonspam"
"1572","nonspam"
"1573","nonspam"
"1574","spam"
"1575","nonspam"
"1576","spam"
"1577","nonspam"
"1578","nonspam"
"1579","nonspam"
"1580","nonspam"
"1581","nonspam"
"1582","nonspam"
"1583","nonspam"
"1584","nonspam"
"1585","nonspam"
"1586","nonspam"
"1587","nonspam"
"1588","nonspam"
"1589","nonspam"
"1590","nonspam"
"1591","nonspam"
"1592","nonspam"
"1593","nonspam"
"1594","nonspam"
"1595","spam"
"1596","nonspam"
"1597","nonspam"
"1598","nonspam"
"1599","nonspam"
"1600","nonspam"
"1601","nonspam"
"1602","nonspam"
"1603","nonspam"
"1604","nonspam"
"1605","nonspam"
"1606","nonspam"
"1607","nonspam"
"1608","nonspam"
"1609","spam"
"1610","nonspam"
"1611","nonspam"
"1612","nonspam"
"1613","spam"
"1614","nonspam"
"1615","nonspam"
"1616","nonspam"
"1617","nonspam"
"1618","nonspam"
"1619","nonspam"
"1620","nonspam"
"1621","nonspam"
"1622","nonspam"
"1623","nonspam"
"1624","nonspam"
"1625","nonspam"
"1626","nonspam"
"1627","nonspam"
"1628","nonspam"
"1629","nonspam"
"1630","nonspam"
"1631","nonspam"
"1632","nonspam"
"1633","nonspam"
"1634","nonspam"
"1635","nonspam"
"1636","nonspam"
"1637","nonspam"
"1638","nonspam"
"1639","nonspam"
"1640","nonspam"
"1641","nonspam"
"1642","nonspam"
"1643","nonspam"
"1644","nonspam"
"1645","nonspam"
"1646","nonspam"
"1647","nonspam"
"1648","spam"
"1649","nonspam"
"1650","nonspam"
"1651","nonspam"
"1652","nonspam"
"1653","nonspam"
"1654","nonspam"
"1655","nonspam"
"1656","nonspam"
"1657","nonspam"
"1658","nonspam"
"1659","nonspam"
"1660","nonspam"
"1661","nonspam"
"1662","nonspam"
"1663","nonspam"
"1664","nonspam"
"1665","spam"
"1666","nonspam"
"1667","nonspam"
"1668","nonspam"
"1669","nonspam"
"1670","nonspam"
"1671","nonspam"
"1672","nonspam"
"1673","nonspam"
"1674","nonspam"
"1675","nonspam"
"1676","nonspam"
"1677","nonspam"
"1678","nonspam"
"1679","nonspam"
"1680","nonspam"
"1681","nonspam"
"1682","nonspam"
"1683","nonspam"
"1684","nonspam"
"1685","nonspam"
"1686","nonspam"
"1687","nonspam"
"1688","nonspam"
"1689","nonspam"
"1690","nonspam"
"1691","nonspam"
"1692","nonspam"
"1693","nonspam"
"1694","nonspam"
"1695","spam"
"1696","nonspam"
"1697","nonspam"
"1698","nonspam"
"1699","nonspam"
"1700","nonspam"
"1701","nonspam"
"1702","nonspam"
"1703","nonspam"
"1704","nonspam"
"1705","nonspam"
"1706","nonspam"
"1707","nonspam"
"1708","nonspam"
"1709","nonspam"
"1710","nonspam"
"1711","nonspam"
"1712","nonspam"
"1713","nonspam"
"1714","nonspam"
"1715","nonspam"
"1716","nonspam"
"1717","nonspam"
"1718","nonspam"
"1719","nonspam"
"1720","spam"
"1721","nonspam"
"1722","nonspam"
"1723","nonspam"
"1724","nonspam"
"1725","nonspam"
"1726","nonspam"
"1727","spam"
"1728","nonspam"
"1729","nonspam"
"1730","nonspam"
"1731","nonspam"
"1732","nonspam"
"1733","nonspam"
"1734","spam"
"1735","nonspam"
"1736","nonspam"
"1737","nonspam"
"1738","nonspam"
"1739","nonspam"
"1740","nonspam"
"1741","nonspam"
"1742","nonspam"
"1743","nonspam"
"1744","nonspam"
"1745","nonspam"
"1746","nonspam"
"1747","nonspam"
"1748","nonspam"
"1749","nonspam"
"1750","nonspam"
"1751","nonspam"
"1752","nonspam"
"1753","nonspam"
"1754","nonspam"
"1755","nonspam"
"1756","nonspam"
"1757","nonspam"
"1758","nonspam"
"1759","nonspam"
"1760","nonspam"
"1761","nonspam"
"1762","nonspam"
"1763","nonspam"
"1764","nonspam"
"1765","nonspam"
"1766","nonspam"
"1767","nonspam"
"1768","nonspam"
"1769","nonspam"
"1770","nonspam"
"1771","nonspam"
"1772","nonspam"
"1773","nonspam"
"1774","nonspam"
"1775","nonspam"
"1776","nonspam"
"1777","nonspam"
"1778","nonspam"
"1779","nonspam"
"1780","nonspam"
"1781","nonspam"
"1782","nonspam"
"1783","nonspam"
"1784","nonspam"
"1785","nonspam"
"1786","nonspam"
"1787","nonspam"
"1788","nonspam"
"1789","nonspam"
"1790","nonspam"
"1791","nonspam"
"1792","nonspam"
"1793","nonspam"
"1794","nonspam"
"1795","nonspam"
"1796","nonspam"
"1797","nonspam"
"1798","nonspam"
"1799","nonspam"
"1800","nonspam"
"1801","nonspam"
"1802","nonspam"
"1803","nonspam"
"1804","nonspam"
"1805","nonspam"
"1806","nonspam"
"1807","nonspam"
"1808","nonspam"
"1809","nonspam"
"1810","nonspam"
"1811","nonspam"
"1812","nonspam"
"1813","nonspam"
"1814","nonspam"
"1815","nonspam"
"1816","nonspam"
"1817","nonspam"
"1818","nonspam"
"1819","nonspam"
"1820","nonspam"
"1821","nonspam"
"1822","nonspam"
"1823","nonspam"
"1824","nonspam"
"1825","nonspam"
"1826","nonspam"
"1827","nonspam"
"1828","nonspam"
"1829","nonspam"
"1830","nonspam"
"1831","nonspam"
"1832","nonspam"
"1833","nonspam"
"1834","nonspam"
"1835","nonspam"
"1836","nonspam"
"1837","nonspam"
"1838","nonspam"
"1839","nonspam"
"1840","nonspam"
"1841","nonspam"
"1842","nonspam"
"1843","nonspam"
"1844","nonspam"
"1845","nonspam"
"1846","nonspam"
"1847","nonspam"
"1848","nonspam"
"1849","nonspam"
"1850","nonspam"
"1851","nonspam"
"1852","nonspam"
"1853","nonspam"
"1854","nonspam"
"1855","nonspam"
"1856","nonspam"
"1857","nonspam"
"1858","nonspam"
"1859","nonspam"
"1860","nonspam"
"1861","nonspam"
"1862","nonspam"
"1863","nonspam"
"1864","nonspam"
"1865","nonspam"
"1866","nonspam"
"1867","nonspam"
"1868","nonspam"
"1869","nonspam"
"1870","nonspam"
"1871","nonspam"
"1872","nonspam"
"1873","nonspam"
"1874","nonspam"
"1875","nonspam"
"1876","nonspam"
"1877","nonspam"
"1878","nonspam"
"1879","nonspam"
"1880","nonspam"
"1881","nonspam"
"1882","nonspam"
"1883","nonspam"
"1884","nonspam"
"1885","nonspam"
"1886","nonspam"
"1887","nonspam"
"1888","nonspam"
"1889","nonspam"
"1890","nonspam"
"1891","nonspam"
"1892","nonspam"
"1893","nonspam"
"1894","nonspam"
"1895","nonspam"
"1896","nonspam"
"1897","nonspam"
"1898","nonspam"
"1899","nonspam"
"1900","nonspam"
"1901","nonspam"
"1902","nonspam"
"1903","nonspam"
"1904","nonspam"
"1905","nonspam"
"1906","nonspam"
"1907","nonspam"
"1908","nonspam"
"1909","nonspam"
"1910","nonspam"
"1911","nonspam"
"1912","nonspam"
"1913","nonspam"
"1914","nonspam"
"1915","nonspam"
"1916","nonspam"
"1917","nonspam"
"1918","nonspam"
"1919","nonspam"
"1920","nonspam"
"1921","nonspam"
"1922","nonspam"
"1923","nonspam"
"1924","nonspam"
"1925","nonspam"
"1926","nonspam"
"1927","nonspam"
"1928","nonspam"
"1929","nonspam"
"1930","nonspam"
"1931","nonspam"
"1932","spam"
"1933","nonspam"
"1934","nonspam"
"1935","spam"
"1936","nonspam"
"1937","nonspam"
"1938","nonspam"
"1939","nonspam"
"1940","nonspam"
"1941","nonspam"
"1942","nonspam"
"1943","nonspam"
"1944","nonspam"
"1945","spam"
"1946","nonspam"
"1947","nonspam"
"1948","nonspam"
"1949","nonspam"
"1950","nonspam"
"1951","nonspam"
"1952","nonspam"
"1953","nonspam"
"1954","nonspam"
"1955","nonspam"
"1956","nonspam"
"1957","nonspam"
"1958","nonspam"
"1959","nonspam"
"1960","nonspam"
"1961","nonspam"
"1962","nonspam"
"1963","nonspam"
"1964","nonspam"
"1965","nonspam"
"1966","nonspam"
"1967","nonspam"
"1968","nonspam"
"1969","nonspam"
"1970","nonspam"
"1971","nonspam"
"1972","nonspam"
"1973","nonspam"
"1974","nonspam"
"1975","nonspam"
"1976","nonspam"
"1977","nonspam"
"1978","nonspam"
"1979","nonspam"
"1980","nonspam"
"1981","nonspam"
"1982","nonspam"
"1983","nonspam"
"1984","nonspam"
"1985","nonspam"
"1986","nonspam"
"1987","nonspam"
"1988","nonspam"
"1989","nonspam"
"1990","nonspam"
"1991","nonspam"
"1992","nonspam"
"1993","nonspam"
"1994","nonspam"
"1995","nonspam"
"1996","nonspam"
"1997","nonspam"
"1998","nonspam"
"1999","nonspam"
"2000","nonspam"
"2001","nonspam"
"2002","nonspam"
"2003","nonspam"
"2004","nonspam"
"2005","nonspam"
"2006","nonspam"
"2007","nonspam"
"2008","nonspam"
"2009","nonspam"
"2010","nonspam"
"2011","nonspam"
"2012","nonspam"
"2013","nonspam"
"2014","nonspam"
"2015","nonspam"
"2016","nonspam"
"2017","nonspam"
"2018","nonspam"
"2019","nonspam"
"2020","nonspam"
"2021","nonspam"
"2022","nonspam"
"2023","nonspam"
"2024","nonspam"
"2025","nonspam"
"2026","nonspam"
"2027","nonspam"
"2028","nonspam"
"2029","nonspam"
"2030","nonspam"
"2031","nonspam"
"2032","nonspam"
"2033","nonspam"
"2034","nonspam"
"2035","spam"
"2036","nonspam"
"2037","nonspam"
"2038","nonspam"
"2039","nonspam"
"2040","nonspam"
"2041","nonspam"
"2042","nonspam"
"2043","nonspam"
"2044","nonspam"
"2045","nonspam"
"2046","nonspam"
"2047","nonspam"
"2048","nonspam"
"2049","nonspam"
"2050","nonspam"
"2051","nonspam"
"2052","nonspam"
"2053","nonspam"
"2054","spam"
"2055","nonspam"
"2056","nonspam"
"2057","nonspam"
"2058","nonspam"
"2059","nonspam"
"2060","nonspam"
"2061","nonspam"
"2062","nonspam"
"2063","nonspam"
"2064","nonspam"
"2065","nonspam"
"2066","nonspam"
"2067","nonspam"
"2068","nonspam"
"2069","spam"
"2070","spam"
"2071","nonspam"
"2072","nonspam"
"2073","nonspam"
"2074","nonspam"
"2075","nonspam"
"2076","nonspam"
"2077","nonspam"
"2078","nonspam"
"2079","nonspam"
"2080","nonspam"
"2081","nonspam"
"2082","nonspam"
"2083","nonspam"
"2084","nonspam"
"2085","nonspam"
"2086","nonspam"
"2087","nonspam"
"2088","nonspam"
"2089","nonspam"
"2090","nonspam"
"2091","nonspam"
"2092","nonspam"
"2093","nonspam"
"2094","nonspam"
"2095","nonspam"
"2096","nonspam"
"2097","nonspam"
"2098","nonspam"
"2099","nonspam"
"2100","nonspam"
"2101","nonspam"
"2102","nonspam"
"2103","nonspam"
"2104","nonspam"
"2105","nonspam"
"2106","nonspam"
"2107","nonspam"
"2108","nonspam"
"2109","nonspam"
"2110","spam"
"2111","nonspam"
"2112","nonspam"
"2113","spam"
"2114","nonspam"
"2115","nonspam"
"2116","nonspam"
"2117","nonspam"
"2118","nonspam"
"2119","nonspam"
"2120","nonspam"
"2121","nonspam"
"2122","nonspam"
"2123","nonspam"
"2124","nonspam"
"2125","nonspam"
"2126","nonspam"
"2127","nonspam"
"2128","nonspam"
"2129","nonspam"
"2130","nonspam"
"2131","spam"
"2132","nonspam"
"2133","nonspam"
"2134","nonspam"
"2135","nonspam"
"2136","nonspam"
"2137","nonspam"
"2138","nonspam"
"2139","nonspam"
"2140","nonspam"
"2141","nonspam"
"2142","nonspam"
"2143","nonspam"
"2144","nonspam"
"2145","nonspam"
"2146","nonspam"
"2147","spam"
"2148","nonspam"
"2149","nonspam"
"2150","nonspam"
"2151","nonspam"
"2152","nonspam"
"2153","nonspam"
"2154","nonspam"
"2155","nonspam"
"2156","nonspam"
"2157","nonspam"
"2158","nonspam"
"2159","spam"
"2160","nonspam"
"2161","nonspam"
"2162","nonspam"
"2163","nonspam"
"2164","nonspam"
"2165","nonspam"
"2166","nonspam"
"2167","spam"
"2168","nonspam"
"2169","nonspam"
"2170","nonspam"
"2171","nonspam"
"2172","nonspam"
"2173","nonspam"
"2174","nonspam"
"2175","nonspam"
"2176","spam"
"2177","nonspam"
"2178","nonspam"
"2179","nonspam"
"2180","nonspam"
"2181","nonspam"
"2182","nonspam"
"2183","nonspam"
"2184","nonspam"
"2185","nonspam"
"2186","nonspam"
"2187","nonspam"
"2188","nonspam"
"2189","nonspam"
"2190","nonspam"
"2191","nonspam"
"2192","nonspam"
"2193","nonspam"
"2194","nonspam"
"2195","nonspam"
"2196","nonspam"
"2197","nonspam"
"2198","spam"
"2199","nonspam"
"2200","spam"
"2201","nonspam"
"2202","nonspam"
"2203","nonspam"
"2204","nonspam"
"2205","nonspam"
"2206","nonspam"
"2207","nonspam"
"2208","nonspam"
"2209","nonspam"
"2210","nonspam"
"2211","nonspam"
"2212","nonspam"
"2213","nonspam"
"2214","nonspam"
"2215","nonspam"
"2216","nonspam"
"2217","spam"
"2218","nonspam"
"2219","nonspam"
"2220","nonspam"
"2221","nonspam"
"2222","nonspam"
"2223","nonspam"
"2224","nonspam"
"2225","nonspam"
"2226","nonspam"
"2227","nonspam"
"2228","nonspam"
"2229","nonspam"
"2230","nonspam"
"2231","nonspam"
"2232","nonspam"
"2233","nonspam"
"2234","nonspam"
"2235","nonspam"
"2236","spam"
"2237","nonspam"
"2238","nonspam"
"2239","nonspam"
"2240","nonspam"
"2241","nonspam"
"2242","nonspam"
"2243","nonspam"
"2244","nonspam"
"2245","nonspam"
"2246","nonspam"
"2247","nonspam"
"2248","nonspam"
"2249","nonspam"
"2250","nonspam"
"2251","nonspam"
"2252","nonspam"
"2253","nonspam"
"2254","nonspam"
"2255","nonspam"
"2256","nonspam"
"2257","nonspam"
"2258","nonspam"
"2259","nonspam"
"2260","nonspam"
"2261","nonspam"
"2262","nonspam"
"2263","nonspam"
"2264","nonspam"
"2265","nonspam"
"2266","nonspam"
"2267","nonspam"
"2268","nonspam"
"2269","nonspam"
"2270","nonspam"
"2271","nonspam"
"2272","nonspam"
"2273","nonspam"
"2274","nonspam"
"2275","nonspam"
"2276","nonspam"
"2277","nonspam"
"2278","nonspam"
"2279","nonspam"
"2280","nonspam"
"2281","nonspam"
"2282","nonspam"
"2283","nonspam"
"2284","nonspam"
"2285","nonspam"
"2286","nonspam"
"2287","nonspam"
"2288","nonspam"
"2289","nonspam"
"2290","nonspam"
"2291","nonspam"
"2292","nonspam"
"2293","nonspam"
"2294","nonspam"
"2295","nonspam"
"2296","nonspam"
"2297","nonspam"
"2298","nonspam"
"2299","nonspam"
"2300","nonspam"
