ID,Bezeichnung,Land,PLZ,Ort,Gruppe
1,Zara Mathies,AT,2182,Palterndorf,K2
2,Jenna Albrecht,AT,3653,Weiten,K3
3,Nico Crosskofp,AT,8943,Aigen im Ennstal,K2
4,Lili Loogen,AT,2435,Ebergassing,K3
5,Felix Bittner,AT,4122,Arnreit,K2
6,Marcus Schult,AT,9342,Gurk,K2
7,Nina Gutschank,AT,9330,Treibach-Althofen,K3
8,Manuel Herrmann,AT,4282,Pierbach,K3
9,Noah Günther,AT,6290,Mayrhofen,K2
10,Amon Kluge,AT,5600,St. Johann im Pongau,K1
11,Anton Herschmann,AT,8151,Hitzendorf,K2
12,Lenya Scheuring,AT,3434,Tulbing,K1
13,Jolina Döbel,AT,7163,Andau,K3
14,Tyler Hecht,AT,6413,Wildermieming,K1
15,Marc Schwartz,AT,5223,Pfaffstätt,K2
16,Emilie Kinzel,AT,4092,Esternberg,K3
17,Sabrina Fleischer,AT,4024,"Linz, Donau",K2
18,Helen Schwennen,AT,9963,St. Jakob in Defereggen,K1
19,Paulina Emmelmann,AT,9345,Kleinglödnitz,K2
20,Hennes Knorscheidt,AT,2340,Mödling,K3
21,Romy Schüler,AT,8333,Riegersburg,K1
22,Ahmed Rosbach,AT,6276,Stummerberg,K3
23,Johannes Mattern,AT,8644,Mürzhofen,K3
24,Robin Schwartz,AT,8682,Mürzzuschlag-Hönigsberg,K3
25,Elaine Sussmann,AT,9635,Dellach,K1
26,Dina Kawohl,AT,4024,"Linz, Donau",K2
27,Pierre Kesselschläger,AT,2831,Warth,K2
28,Nora Marschek,AT,6433,Oetz,K3
29,Julina Viellehner,AT,6130,Schwaz,K2
30,Jil Pfeiffer,AT,4892,Fornach,K1
31,Darren Ranz,AT,9072,Ludmannsdorf,K2
32,Fenja Wickert,AT,1166,Wien,K1
33,Tuana Hansen,AT,6176,Völs,K3
34,Kian Klaus,AT,6306,Söll,K3
35,Angelique Gabius,AT,6886,Schoppernau,K1
36,Felina Everts,AT,4941,Mehrnbach,K1
37,Viktor Hübner,AT,9814,Mühldorf,K2
38,Taha Ade,AT,5751,Maishofen,K1
39,Mirko Scherbarth,AT,3945,Hoheneich,K2
40,Patrick Geese,AT,8183,Floing,K1
41,Jannis Hommel,AT,7451,Oberloisdorf,K1
42,Julienne Thust,AT,1065,Wien,K1
43,Laurens Kaczmarek,AT,4903,Manning,K3
44,Carl Lohse,AT,4846,Redlham,K1
45,Magdalena Fleischer,AT,6553,See,K3
46,Alisa Abel,AT,6421,Rietz,K2
47,Anny Kleiber,AT,2153,Stronsdorf,K3
48,Cedric Stepanov,AT,4018,"Linz, Donau",K3
49,Rico Bartels,AT,4875,Redleiten,K3
50,Anthony Broening,AT,5283,Braunau am Inn,K3
51,Maike Montag,AT,4881,Straß im Attergau,K2
52,Marleen Tang,AT,5572,St. Andrä im Lungau,K3
53,Johann Gollnow,AT,2624,Breitenau,K3
54,Marla Holl,AT,3061,Ollersbach,K1
55,Laurence Jeorga,AT,8171,St. Kathrein am Offenegg,K1
56,Dennis Stolle,AT,6654,Holzgau,K3
57,Riccardo Götz,AT,2453,Sommerein,K3
58,Marah Wollmann,AT,9212,Techelsberg am Wörther See,K1
59,Juliana Werrmann,AT,9640,Kötschach-Mauthen,K1
60,Neele Jarets,AT,9904,Thurn,K1
61,Mira Kosenkow,AT,5425,Krispl,K2
62,Elanur Da,AT,1254,Wien,K3
63,Tessa Stolz,AT,1152,Wien,K2
64,Enna Kemper,AT,9611,Nötsch,K3
65,Milo Paschke,AT,3511,Furth bei Göttweig,K2
66,Sydney Dittmer,AT,6571,Strengen,K3
67,Ariane Schindzielorz,AT,9302,St. Veit an der Glan,K1
68,Aurelia Knies,AT,5591,Ramingstein,K3
69,Ege Kahl,AT,4761,Enzenkirchen,K1
70,Jette Rosenbauer,AT,5523,Lungötz,K3
71,Hamza Diekmann,AT,1025,Wien,K2
72,Paula Haug,AT,9300,St. Veit an der Glan,K3
73,Ron Neubert,AT,8454,Arnfels,K3
74,Marieke Ranz,AT,8523,Frauental an der Laßnitz,K1
75,Luka Beckmann,AT,4231,Untergaisbach,K2
76,Veronika Hehl,AT,5741,Neukirchen am Großvenediger,K1
77,Ela Prange,AT,7434,Bernstein,K2
78,Rebekka Kuhnen,AT,1128,Wien,K1
79,David Dieckmann,AT,3902,Vitis,K1
80,Francesco Kirch,AT,2372,Gießhübl,K3
81,Philine Hallmann,AT,6344,Walchsee,K3
82,Falk Pohland,AT,5110,Oberndorf bei Salzburg,K1
83,Leticia Theele,AT,6113,Wattenberg,K3
84,Stefan Hohn,AT,4070,Eferding,K2
85,Jasmina Norris,AT,4882,Oberwang,K3
86,Zoe Kowalinski,AT,4081,Hartkirchen,K2
87,Nina Schulze,AT,3684,St. Oswald,K1
88,Malena Krug,AT,4183,Traberg,K2
89,Anni Thiomas,AT,6178,Unterperfuss,K1
90,Till Hugo,AT,4407,Steyr-Gleink,K3
91,Mark Merkel,AT,2172,Schrattenberg,K1
92,Josefin Liebich,AT,3662,Münichreith,K3
93,Karlo Gastel,AT,6807,Feldkirch-Tisis,K1
94,Viktoria Roba,AT,5753,Saalbach,K2
95,Henrik Tschiers,AT,5270,Mauerkirchen,K1
96,Leandra Gröss,AT,4133,Niederkappel,K1
97,Jaron König,AT,2340,Mödling,K2
98,Dana Friess,AT,5660,Taxenbach,K1
99,Hassan Thomas,AT,4905,Thomasroith,K3
100,Laurin Jungton,AT,8363,Übersbach,K3
101,Sammy Urbaniak,AT,4775,Taufkirchen an der Pram,K3
102,Lyn Werrmann,AT,8720,Knittelfeld,K2
103,Arvid Heydemüller,AT,2304,Orth an der Donau,K3
104,Georg Helpling,AT,9560,Feldkirchen in Kärnten,K2
105,Joey Naubert,AT,4710,Grieskirchen,K3
106,Leoni Brosch,AT,8341,Paldau,K1
107,Melisa Seiders,AT,2124,Niederkreuzstetten,K1
108,Marko Friedenberg,AT,4873,Frankenburg am Hausruck,K1
109,Kristin Koehler,AT,4673,Gaspoltshofen,K1
110,Alexis Pohl,AT,6314,Wildschönau-Niederau,K2
111,Victor Hiller,AT,8151,Hitzendorf,K1
112,Adriana Schwatlo,AT,1155,Wien,K1
113,Alice Kelm,AT,2356,Wiener Neudorf,K2
114,Phoebe Stauss,AT,7552,Stinatz,K2
115,Mathis Kühnemund,AT,9908,Amlach,K1
116,Maksim Proske,AT,3150,Wilhelmsburg,K3
117,Claas Sillah,AT,4283,Bad Zell,K1
118,Alexis Kedzierski,AT,7422,Riedlingsdorf,K3
119,Fabio Blum,AT,9034,Klagenfurt,K1
120,Timm Pusch,AT,9081,Reifnitz,K3
121,Nikolas Mallmann,AT,4382,Sarmingstein,K2
122,Darius Fusenig,AT,3742,Theras,K3
123,Yasmin Mordhorst,AT,5081,Anif,K2
124,Charlotta Roggatz,AT,5640,Bad Gastein,K1
125,Hassan Huckestein,AT,5584,Zederhaus,K1
126,Greta Evers,AT,4575,Roßleithen,K1
127,Mads Klauder,AT,3402,Klosterneuburg,K1
128,Lola Terlecki,AT,1037,Wien,K3
129,Riana Golomski,AT,9373,Klein St. Paul,K2
130,Zara Kaul,AT,5221,Lochen am See,K3
131,Arda Brettschneider,AT,8743,Eppenstein,K1
132,Neo Bauer,AT,4863,Seewalchen am Attersee,K1
133,Nadja Stoutjesdijk,AT,3353,Seitenstetten,K2
134,Joschua Schlitzer,AT,4816,Gschwandt,K2
135,Yasin Zauber,AT,4701,Bad Schallerbach,K2
136,Devin Esser,AT,3141,Kapelln,K2
137,Sinja Kuschmann,AT,5602,Wagrain,K3
138,Hussein Spielvogel,AT,8555,Wernersdorf,K3
139,Connor Paukner,AT,8413,St. Georgen an der Stiefing,K3
140,Berat Bruder,AT,5451,Tenneck,K2
141,Luisa Görlich,AT,6713,Ludesch,K3
142,Robin Taufratshofer,AT,1104,Wien,K1
143,Ida Ganzmann,AT,3264,Gresten,K3
144,Antonio Sielemann,AT,8480,Mureck,K2
145,Enna Ender,AT,4182,Waxenberg,K3
146,Eren Neumann,AT,6511,Zams,K2
147,Sam Ahrens,AT,4642,Sattledt,K2
148,Fabian Giesa,AT,9523,Villach-Landskron,K2
149,Amar Mögenburg,AT,4713,Gallspach,K1
150,Adelina Carlsohn,AT,8274,Buch,K1
151,Lana Wieser,AT,9612,St. Georgen im Gailtal,K2
152,Madeleine Schoberg,AT,2873,Feistritz am Wechsel,K3
153,Joris Berner,AT,4364,St. Thomas,K3
154,Thea Möllinger,AT,6993,Mittelberg,K1
155,Anton Rink,AT,6404,Polling,K2
156,Dustin Schreiter,AT,3474,Altenwörth,K1
157,Vera Konow,AT,3871,Nagelberg,K1
158,Jil Heck,AT,3573,Rosenburg,K3
159,Mariam Moeller,AT,1101,Wien Postfach,K2
160,Vincent Spöttel,AT,3482,Gösing am Wagram,K1
161,Yannick Huber,AT,3100,St. Pölten,K2
162,Alina Holzdeppe,AT,3123,Obritzberg,K3
163,Arwen Rokossa,AT,7051,Großhöflein,K1
164,Aaron Wilky,AT,6767,Warth,K3
165,Annalena Zauber,AT,7222,Rohrbach bei Mattersburg,K2
166,Kevin Weller,AT,3505,Krems,K1
167,Joschua Wollenberg,AT,8950,Stainach,K1
168,Marco Sürth,AT,4651,Stadl-Paura,K2
169,Janosch Muckenthaler,AT,3550,Langenlois,K3
170,Maryam Wolf,AT,3125,Statzendorf,K1
171,Aaliyah Schilling,AT,5165,Berndorf bei Salzburg,K3
172,Jano Muckenthaler,AT,9509,Zauchen,K2
173,Luca Kallabis,AT,6863,Egg,K1
174,Kay Hesse,AT,4933,Wildenau,K1
175,Sören Helmke,AT,8673,Ratten,K3
176,Anton Mulrain,AT,8441,Fresing,K2
177,Elina Spielvogel,AT,6511,Zams,K3
178,Danilo Hackbusch,AT,9344,Weitensfeld,K1
179,René Wöschler,AT,2401,Fischamend,K3
180,Judy Urbansky,AT,3491,Straß im Straßertale,K2
181,Bjarne Kraus,AT,3101,St. Pölten Postfach,K2
182,Marcus Fahner,AT,3212,Schwarzenbach an der Pielach,K3
183,Mathilda Langfeld,AT,8342,Gnas,K1
184,Neele Paesler,AT,3042,Würmla,K3
185,Linus Möllinger,AT,9903,Oberlienz,K2
186,Merlin Harting,AT,2560,Berndorf,K1
187,Christian Schley,AT,6161,Natters,K2
188,Frederic Wöschler,AT,8671,Alpl,K2
189,Lennert Mensah,AT,4871,Zipf,K3
190,Veronika Montag,AT,8261,Sinabelkirchen,K3
191,Lisann Franzis,AT,4861,Schörfling,K1
192,Saphira Höft,AT,3632,Bad Traunstein,K3
193,Flora Richards,AT,8422,St. Nikolai ob Draßling,K2
194,Maja Kastner,AT,3842,Thaya,K1
195,Cedrik Figura,AT,8282,Bad Loipersdorf,K1
196,Timo Thimm,AT,7544,Tobaj,K1
197,Ryan Bosler,AT,9911,Assling,K1
198,Ceyda Gierisch,AT,2802,Hochwolkersdorf,K1
199,Jennifer Günther,AT,7572,Deutsch Kaltenbrunn,K2
200,Linus Kozakiewicz,AT,5710,Kaprun,K3
201,Jolie Werner,AT,4293,Gutau,K3
202,Elif Leyckes,AT,8184,Anger,K2
203,Milana Moser,AT,3943,Schrems,K2
204,Frieda Rupprecht,AT,1402,Wien,K1
205,Tillmann Balck,AT,1142,Wien,K3
206,Oke Bahl,AT,8682,Mürzzuschlag-Hönigsberg,K1
207,Smilla Tafelmeier,AT,8971,Rohrmoos-Untertal,K1
208,Livia Breitenstein,AT,4252,Liebenau,K3
209,Lillian Thust,AT,6708,Brand,K1
210,Johanna Schreiber,AT,8713,St. Stefan ob Leoben,K1
211,Tyler Schüler,AT,3914,Waldhausen,K1
212,Lennox Jasinski,AT,9614,Vorderberg,K3
213,Emirhan Rodowski,AT,3580,Horn,K1
214,Clarissa Marner,AT,5752,Viehhofen,K2
215,Jenny Teufel,AT,8093,St. Peter am Ottersbach,K3
216,Luna Blum,AT,4020,Linz,K2
217,Leif Bender,AT,6142,Mieders,K1
218,Pius Lauckner,AT,8101,Gratkorn,K1
219,Lillian Niedermeier,AT,4191,Vorderweißenbach,K2
220,Milana Birkemeyer,AT,4491,Niederneukirchen,K3
221,Janine Dragu,AT,4077,Straßham,K1
222,Jayson Schouren,AT,2262,Stillfried,K3
223,Karla Kirch,AT,9536,St. Egyden,K3
224,Lea Mallmann,AT,8492,Halbenrain,K2
225,Sandro Knoll,AT,4606,Wels,K2
226,Berkay Burkhardt,AT,3452,Atzenbrugg,K3
227,Samira Kulimann,AT,8082,Kirchbach in Steiermark,K3
228,Annabell Isak,AT,9587,Riegersdorf,K3
229,Florentine Mallmann,AT,8232,Grafendorf bei Hartberg,K1
230,Lotte Senkel,AT,8241,Dechantskirchen,K1
231,Giuliano Hudak,AT,8271,Bad Waltersdorf,K3
232,Teresa Kastner,AT,3184,Türnitz,K1
233,Tia Birkemeyer,AT,5630,Bad Hofgastein,K1
234,Katja Clarius,AT,9324,Passering,K3
235,Ivonne Lausecker,AT,4595,Waldneukirchen,K2
236,Zara Ryzih,AT,9913,Abfaltersbach,K3
237,Anja Mathiszik,AT,6710,Nenzing,K3
238,Arthur Zintl,AT,8352,Unterlamm,K3
239,Leonard Thieke,AT,3641,Aggsbach Markt,K3
240,Eileen Bauschke,AT,5165,Berndorf bei Salzburg,K3
241,Felina Güldemeister,AT,9524,Villach-St. Magdalen,K1
242,Martha Zapletal,AT,8036,Graz,K1
243,Andre Hehl,AT,3283,St. Anton an der Jeßnitz,K2
244,Saskia Bertenbreiter,AT,8101,Gratkorn,K1
245,Celia Schulze,AT,1238,Wien,K3
246,Luc Dold,AT,8343,Trautmannsdorf in Oststeiermark,K2
247,Stefan Kastner,AT,2490,Ebenfurth,K2
248,Ibrahim Hujo,AT,3741,Pulkau,K2
249,Samira Logsch,AT,2471,Rohrau,K3
250,Carmen Urhig,AT,6145,Navis,K3
251,Jannes Tang,AT,3108,St. Pölten-Wagram,K2
252,Mick Illing,AT,4052,Ansfelden,K3
253,Nika Benzing,AT,6433,Oetz,K3
254,Aurora Malek,AT,8042,Graz-St. Peter,K3
255,Timm Byrd,AT,8362,Söchau,K2
256,Yves Schönebeck,AT,3451,Michelhausen,K3
257,Julien Hommel,AT,2571,Altenmarkt-Thenneberg,K3
258,Magnus Löser,AT,2734,Puchberg am Schneeberg,K3
259,Aliyah Hingsen,AT,2245,Velm-Götzendorf,K1
260,Muhammed Kolokas,AT,2153,Stronsdorf,K2
261,Lucy Madetzky,AT,8053,Graz-Neuhart,K1
262,Juna Mebold,AT,7441,Pilgersdorf,K2
263,Michaela Schwanitz,AT,9543,Arriach,K1
264,Marleen Ghirmai,AT,6430,Ötztal Bahnhof,K1
265,Raphael Blaschek,AT,3942,Hirschbach,K1
266,Melanie Tsamonikian,AT,1042,Wien,K3
267,Alma Marquart,AT,1090,Wien,K1
268,Emil Busemann,AT,8051,Graz-Gösting,K3
269,Henrik Dingelstedt,AT,4941,Mehrnbach,K2
270,Artur Kurnicki,AT,1203,Wien,K3
271,Christiano Norris,AT,4920,Schildorn,K3
272,Fabien Berger,AT,9064,Pischeldorf,K3
273,Sydney Rose,AT,6653,Bach,K1
274,Lucian Schönlebe,AT,8755,St. Peter ob Judenburg,K1
275,Willi Denner,AT,5310,Mondsee,K3
276,Delia Pressler,AT,2083,Pleißing,K2
277,Mona Karsten,AT,9542,Afritz,K2
278,Jan Sillah,AT,6364,Brixen im Thale,K2
279,Veronika Ade,AT,9112,Griffen,K2
280,Loris Rosenauer,AT,5212,Schneegattern,K3
281,Josy Roos,AT,4902,Wolfsegg am Hausruck,K3
282,Ann De,AT,2462,Wilfleinsdorf,K1
283,Mohammed Kufahl,AT,6791,St. Gallenkirch,K2
284,Dorothea Jegorov,AT,3141,Kapelln,K1
285,Marc Dragu,AT,8954,St. Martin am Grimming,K2
286,Manuel Hess,AT,8544,Pölfing-Brunn,K3
287,Quirin Mordhorst,AT,3521,Obermeisling,K2
288,Leonard Reus,AT,5112,Lamprechtshausen,K1
289,Melike Lufft,AT,3871,Nagelberg,K2
290,Felix Gatzka,AT,6401,Inzing,K2
291,Cheyenne Duma,AT,9531,Kreuth,K2
292,Ege Tächl,AT,6580,St. Anton am Arlberg,K2
293,Patrick Steinert,AT,2003,Leitzersdorf,K3
294,Mattes Cronjäger,AT,2022,Immendorf,K3
295,Finley Menne,AT,8263,Großwilfersdorf,K3
296,Ylvi Boxhammer,AT,4407,Steyr-Gleink,K2
297,Bela Willwacher,AT,8455,Oberhaag,K1
298,Pia Kuschewitz,AT,4320,Perg,K2
299,Juliana Woytkowska,AT,3240,Mank,K1
300,Amira Ney,AT,9851,Lieserbrücke,K3
301,Maksim Plotzitzka,AT,2811,Wiesmath,K2
302,Fritz Demut,AT,2721,Bad Fischau,K3
303,Timm Kisabaka,AT,1192,Wien,K1
304,Leyla Geiger,AT,6754,Klösterle,K1
305,Lotta Sussmann,AT,7122,Gols,K2
306,Josh Tidow,AT,3001,Mauerbach,K1
307,Justin Stürmer,AT,4161,Ulrichsberg,K1
308,Meik Ecker,AT,4341,Arbing,K3
309,Loris Storl,AT,4205,Kirchschlag bei Linz,K3
310,Fabrice Keller,AT,6701,Bludenz Postfach,K3
311,Pia Hüttcher,AT,7441,Pilgersdorf,K1
312,Steve Jahn,AT,6323,Bad Häring,K2
313,Katarina Radtke,AT,3304,St. Georgen am Ybbsfelde,K3
314,Angelique Keil,AT,1156,Wien,K2
315,Mirac Fahner,AT,8302,Nestelbach bei Graz,K3
316,Tarik Hugo,AT,4715,Taufkirchen an der Trattnach,K3
317,Lilia Rentz,AT,6781,Bartholomäberg,K2
318,Leni Auer,AT,5511,Hüttau,K2
319,Robin Buschbaum,AT,4223,Katsdorf,K1
320,Sam Herwig,AT,6901,Bregenz Postfach,K2
321,Jon Hentel,AT,2232,Deutsch Wagram,K2
322,Judy Deerberg,AT,7082,Donnerskirchen,K1
323,Gian Brenner,AT,8785,Hohentauern,K3
324,Kjell Stanger,AT,9212,Techelsberg am Wörther See,K2
325,Janne Grossheim,AT,1091,Wien Postfach,K2
326,Filip Boyde,AT,6200,Jenbach,K1
327,Jacqueline Gutjahr,AT,6183,Kühtai,K1
328,Calvin Schrader,AT,3962,Heinrichs bei Weitra,K2
329,Marieke Thöne,AT,3573,Rosenburg,K2
330,Jakob Gotz,AT,6283,Hippach,K3
331,Vitus Pusch,AT,6611,Heiterwang,K2
332,Anni Tillack,AT,7531,Kemeten,K3
333,Zoe Winkler,AT,6511,Zams,K1
334,Jeremie Többen,AT,4112,Rottenegg,K2
335,Nadja Meissner,AT,4861,Schörfling,K2
336,Madita Walter,AT,8063,Eggersdorf bei Graz,K2
337,Laurenz Weidlich,AT,8342,Gnas,K3
338,Sydney Abt,AT,6425,Haiming,K1
339,Rebekka Lohse,AT,3702,Niederrußbach,K2
340,Mirco Scheytt,AT,9161,Maria Rain,K1
341,Christina Senkel,AT,2493,Lichtenwörth-Nadelburg,K1
342,Marcus Poschmann,AT,2604,Theresienfeld,K1
343,Rasmus Achkinadze,AT,8723,Kobenz,K2
344,Josephin Kühnemund,AT,9614,Vorderberg,K3
345,Amon Löser,AT,9634,Gundersheim,K3
346,Nick Wenk,AT,6881,Mellau,K2
347,Jannes Onnen,AT,2294,Marchegg Bahnhof,K1
348,Jean Riedel,AT,5112,Lamprechtshausen,K1
349,Laurens Volk,AT,6336,Langkampfen,K3
350,Patrick Behrenbruch,AT,9872,Millstatt am See,K1
351,Lili Neuendorf,AT,9543,Arriach,K1
352,Yvonne Rücker,AT,9150,Bleiburg,K3
353,Tanja Umlauft,AT,5602,Wagrain,K3
354,Lisann Eich,AT,3484,Grafenwörth,K2
355,Svea Demut,AT,6650,Gramais,K2
356,Marian Rodehau,AT,4712,Michaelnbach,K3
357,Abdul Poser,AT,8795,Radmer,K3
358,Elly Nagel,AT,2625,Schwarzau am Steinfelde,K3
359,Furkan Boruschewski,AT,3204,Kirchberg an der Pielach,K3
360,Hermine Lindenberg,AT,2286,Haringsee,K3
361,Jordan Anding,AT,6294,Hintertux,K2
362,Heidi Huber,AT,2523,Tattendorf,K2
363,Sammy Pöche,AT,4591,Molln,K2
364,Kaya König,AT,6273,Ried im Zillertal,K1
365,Selim Kosenkow,AT,8120,Peggau,K1
366,Roman Jander,AT,8043,Graz-Kroisbach,K2
367,Jermaine Kröger,AT,3333,Böhlerwerk,K1
368,Magnus Zender,AT,9653,Liesing,K3
369,Gian Aschenbroich,AT,2624,Breitenau,K3
370,Danilo Koleiski,AT,9702,Ferndorf,K3
371,Vivienne Florczak,AT,2424,Zurndorf,K3
372,Tia Bönisch,AT,3550,Langenlois,K2
373,Danilo Meisch,AT,4624,Pennewang,K3
374,Marc Menne,AT,4802,Ebensee,K1
375,Esma Mäder,AT,9510,Villach,K3
376,Sara Meier,AT,6019,Innsbruck,K1
377,Mira Jamrozy,AT,5211,Friedburg,K2
378,Martha Kleininger,AT,8193,Dorfviertel,K2
379,Nino Sokolowski,AT,5017,Salzburg,K3
380,Nicolas Hillard,AT,2641,Schottwien,K3
381,Chiara Beckel,AT,3873,Brand,K1
382,Valentino Pfingsten,AT,4621,Sipbachzell,K3
383,Cedrik Rother,AT,4860,Lenzing,K2
384,Hanna Ritschel,AT,3345,Göstling an der Ybbs,K2
385,Ilayda Kallensee,AT,4920,Schildorn,K3
386,Liz Brinkmann,AT,3180,Lilienfeld,K1
387,Karoline Minah,AT,3373,Kemmelbach,K2
388,Alessio Rietscher,AT,4190,Bad Leonfelden,K2
389,Ivan Dold,AT,7422,Riedlingsdorf,K1
390,Maxine Kinzy,AT,3004,Ried am Riederberg,K1
391,Ilyas Lott,AT,7152,Pamhagen,K3
392,Jimmy Becker,AT,2540,Bad Vöslau,K2
393,Ansgar Brüggmann,AT,6832,Sulz-Röthis,K1
394,Ludwig Schwarzkopf,AT,6543,Nauders,K3
395,Ryan Grube,AT,4580,Windischgarsten,K1
396,Max Vater,AT,3506,Krems-Hollenburg,K1
397,Jon Keiner,AT,3872,Langegg,K2
398,Ines Malkus,AT,3052,Innermanzing,K2
399,Viktor Vater,AT,9546,Bad Kleinkirchheim,K1
400,Jannis Elbe,AT,1160,Wien,K2
401,Kalle Streese,AT,3872,Langegg,K1
402,Rania Frey,AT,9026,Klagenfurt am Wörthersee,K2
403,Onur Gummelt,AT,4464,Kleinreifling,K1
404,Heidi Mensing,AT,2523,Tattendorf,K2
405,Lilith Milde,AT,6632,Ehrwald,K3
406,Quirin Brix,AT,8750,Judenburg,K1
407,Mads Büchele,AT,3654,Raxendorf,K2
408,Elif Dautzenberg,AT,9412,St. Margarethen im Lavanttal,K3
409,Alexander Seelig,AT,2261,Angern an der March,K1
410,Timon Stahl,AT,7511,Mischendorf,K2
411,Inka Schaffarzik,AT,2134,Staatz-Kautendorf,K1
412,Nathalie Restle,AT,4707,Schlüßlberg,K3
413,Leonora Schwarthoff,AT,3482,Gösing am Wagram,K1
414,Nino Hechler,AT,4941,Mehrnbach,K3
415,Judy Schumacher,AT,2203,Großebersdorf,K1
416,Enna Raubuch,AT,1030,Wien,K2
417,Alice Fincke,AT,4091,Vichtenstein,K1
418,Max Falter,AT,8410,Wildon,K1
419,Sidney Pallentin,AT,2054,Haugsdorf,K3
420,Gianluca Mögenburg,AT,4212,Neumarkt im Mühlkreis,K2
421,Josef Gilde,AT,5500,Bischofshofen,K2
422,Yven Wehrsen,AT,2070,Retz,K1
423,Lion Börner,AT,8252,Mönichwald,K3
424,Fabien Flore,AT,3592,Röhrenbach,K3
425,Alina Schreiner,AT,9942,Obertilliach,K1
426,Nora Mehlorn,AT,8051,Graz-Gösting,K3
427,Anne Grotke,AT,1124,Wien,K3
428,Benedikt Dieckmann,AT,6091,Götzens,K2
429,Luke Hodea,AT,4823,Steeg,K2
430,Vivian Jarets,AT,4541,Adlwang,K1
431,Björn Suthe,AT,7001,Eisenstadt Postfach,K1
432,Tabea Rabenstein,AT,7512,Kohfidisch,K1
433,Lion Jung,AT,4351,Saxen,K3
434,Aurora Kahles,AT,2602,Blumau-Neurißhof,K1
435,Quentin Friedenberg,AT,4981,Reichersberg,K2
436,Marek Derr,AT,9556,Liebenfels,K2
437,Aileen Fleischmann,AT,9581,Ledenitzen,K3
438,Marlen Arendt,AT,5645,Böckstein,K2
439,Ceyda Vey,AT,6632,Ehrwald,K1
440,Marit Voelkel,AT,9135,Bad Eisenkappel,K3
441,Mirco Nodler,AT,9852,Trebesing,K3
442,Maxima Pallentin,AT,3001,Mauerbach,K3
443,Maike Schumann,AT,9212,Techelsberg am Wörther See,K2
444,Abby Urbansky,AT,6023,Innsbruck,K3
445,Marisa Henkel,AT,8471,Spielfeld,K2
446,Justin Neumair,AT,5602,Wagrain,K3
447,Annalena Moser,AT,9111,Haimburg,K3
448,Charlotta Karhoff,AT,2435,Ebergassing,K1
449,Maksim Gauder,AT,3593,Neupölla,K3
450,Eileen Görlich,AT,4982,Obernberg am Inn,K3
451,Laurens Laack,AT,6111,Volders,K2
452,Sönke Bock,AT,8992,Altaussee,K2
453,Yunus Spahn,AT,9992,Iselsberg-Stronach,K3
454,Niko Travan,AT,3140,Pottenbrunn,K1
455,Maik Ryzih,AT,6973,Höchst,K1
456,Alice Fleischer,AT,5581,St. Margarethen im Lungau,K2
457,Anni Kohrt,AT,6343,Erl,K2
458,Helena Pottel,AT,1151,Wien Postfach,K1
459,Florentine Ekpo,AT,8673,Ratten,K2
460,Gianluca Adam,AT,8831,Niederwölz,K2
461,Joana Engelen,AT,4812,Pinsdorf,K1
462,Cedrik Alizadeh,AT,8584,Hirschegg,K3
463,Zoe Geissler,AT,6541,Tösens,K1
464,Finlay Kinzel,AT,9113,Ruden,K2
465,Paula Sonnabend,AT,7312,Horitschon,K1
466,Collien Van,AT,5661,Rauris,K2
467,Tyron Hellmann,AT,1183,Wien,K3
468,Filip Lichtenfeld,AT,2340,Mödling,K1
469,Nila Stief,AT,6452,Hochsölden,K1
470,Mailin Zach,AT,7572,Deutsch Kaltenbrunn,K3
471,Ilayda Jakubczyk,AT,8330,Feldbach,K2
472,Julika Ullmann,AT,7343,Neutal,K3
473,Tizian Uhrig,AT,3712,Maissau,K3
474,Meik Lippe,AT,4891,Pöndorf,K2
475,Philipp Freimuth,AT,4324,Rechberg,K3
476,Milo Bornscheuer,AT,6236,Alpbach,K1
477,Finja Kempter,AT,2492,Eggendorf,K2
478,Patrice Kiessling,AT,5523,Lungötz,K2
479,Omar Lübke,AT,7474,Deutsch Schützen,K2
480,Konrad Mewes,AT,2122,Ulrichskirchen,K2
481,Hailey Kette,AT,6858,Schwarzach,K3
482,Jamal Lott,AT,4595,Waldneukirchen,K1
483,Miriam Verzi,AT,6013,Innsbruck,K3
484,Catharina Freisen,AT,2482,Münchendorf,K2
485,Lola Szendrei,AT,6335,Thiersee,K3
486,Pius Northoff,AT,7024,Hirm,K1
487,Paul Knoll,AT,8630,Mariazell,K3
488,Nelli Mayer,AT,6080,Innsbruck-Igls,K2
489,Anthony Briesenick,AT,6833,Klaus-Weiler,K1
490,Defne Geissler,AT,6655,Steeg,K2
491,Jack Scherbarth,AT,4401,Steyr Postfach,K3
492,Lia Güldemeister,AT,4324,Rechberg,K2
493,Amira Decker,AT,8061,St. Radegund bei Graz,K1
494,Sally Schwarz,AT,5574,Göriach,K1
495,Collin Steigauf,AT,6708,Brand,K1
496,Carina Hofmann,AT,6960,Wolfurt-Bahnhof,K1
497,Pauline Freisen,AT,5532,Filzmoos,K3
498,Henry Eich,AT,5123,Überackern,K2
499,Marisa Kappe,AT,4453,Trattenbach,K2
500,Rick Piesker,AT,8243,Pinggau,K1
501,Valentin Wichmann,AT,4274,Schönau im Mühlkreis,K3
502,Aurora Goy,AT,8965,Pruggern,K2
503,Lilli Ringel,AT,6320,Angerberg,K2
504,Joyce Carlsohn,AT,4213,Unterweitersdorf,K3
505,Nele Brunner,AT,2533,Klausen-Leopoldsdorf,K3
506,Matti Breitenstein,AT,9141,Eberndorf,K2
507,Pius Gürbig,AT,8143,Dobl,K1
508,Kayra Mühleis,AT,3743,Röschitz,K3
509,Jeremie Bedewitz,AT,8973,Pichl,K1
510,Femke Poschmann,AT,6275,Stumm,K3
511,Dario Jambor,AT,5751,Maishofen,K2
512,Tessa Rosbach,AT,4614,Marchtrenk,K2
513,Stephanie Dolch,AT,2013,Göllersdorf,K2
514,Lucia Knabe,AT,5500,Bischofshofen,K2
515,Ava Kisabaka,AT,1039,Wien,K2
516,Konrad Henkel,AT,6754,Klösterle,K1
517,Vivien Lakomy,AT,9805,Baldramsdorf,K1
518,Leonidas Herberger,AT,6100,Seefeld in Tirol,K3
519,Thalea Bienias,AT,2521,Trumau,K3
520,Lyn Naumann,AT,1218,Wien,K2
521,Kyra Kappler,AT,4712,Michaelnbach,K3
522,Julian Greb,AT,2821,Lanzenkirchen,K1
523,Titus Horak,AT,8611,St. Katharein an der Laming,K1
524,Anna Bieler,AT,4116,St. Ulrich im Mühlkreis,K2
525,Janna Koch,AT,1051,Wien Postfach,K2
526,Julienne Hedermann,AT,7000,Eisenstadt,K3
527,Ruben Koehl,AT,3184,Türnitz,K1
528,Tarja Schönfeld,AT,8274,Buch,K2
529,Quentin Travan,AT,3542,Gföhl,K2
530,Carolina Figura,AT,1191,Wien Postfach,K3
531,Rico Ehm,AT,2112,Würnitz,K2
532,Kenan Winkelmann,AT,8960,Öblarn,K3
533,Norman Kunz,AT,6073,Sistrans,K1
534,Isabell Orth,AT,1225,Wien,K2
535,Joelina Roecker,AT,9584,Finkenstein,K3
536,Ceylin Erlei,AT,6752,Dalaas,K2
537,Johann Emmelmann,AT,4581,Rosenau am Hengstpaß,K3
538,Eleonora Leiter,AT,2093,Geras,K2
539,Peter Lenz,AT,6901,Bregenz Postfach,K3
540,Yves Wessel,AT,2100,Korneuburg,K2
541,Alice Streit,AT,3134,Nußdorf,K1
542,Alea Frauendorf,AT,8424,Gabersdorf,K3
543,Yunus Spitzmüller,AT,3180,Lilienfeld,K1
544,Tuana Mallmann,AT,6175,Kematen in Tirol,K2
545,Luke Ranftl,AT,4601,Wels,K2
546,Laurence Lienshöft,AT,6623,Namlos,K2
547,Jari Schersing,AT,4890,Frankenmarkt,K1
548,Samira Habel,AT,3973,Karlstift,K1
549,Arian Rosbach,AT,3383,Hürm,K1
550,Efe Kalinowski,AT,8784,Trieben,K1
551,Talea Tegethof,AT,9961,Hopfgarten in Defereggen,K1
552,Rayan Schönberg,AT,1224,Wien,K3
553,Malik Hensel,AT,4910,Ried im Innkreis,K1
554,Joel Schönherr,AT,1502,AUTCON EUFOR,K1
555,Elsa Schirmer,AT,6300,Wörgl,K2
556,Lotte Streese,AT,5010,Salzburg,K3
557,Aaron Münch,AT,3621,Mitterarnsdorf,K3
558,Eva Waldmann,AT,4931,Mettmach,K1
559,Kim Salzer,AT,1502,AUTCON EUFOR,K1
560,Patrizia Reitze,AT,2053,Jetzelsdorf,K1
561,Maksim Lauckner,AT,6344,Walchsee,K1
562,Burak Wolfarth,AT,6181,Sellrain,K2
563,Benjamin Splinter,AT,4502,St. Marien,K2
564,Karina Kochan,AT,4085,Wesenufer,K2
565,Nora Stephan,AT,9911,Assling,K2
566,Jim Wagner,AT,3533,Friedersbach,K3
567,Jaron Tsamonikian,AT,4222,St. Georgen an der Gusen,K2
568,Loris Kühnemund,AT,1221,Wien Postfach,K2
569,Talia Falter,AT,3511,Furth bei Göttweig,K1
570,Nico Emert,AT,2263,Dürnkrut,K3
571,Henriette Rentz,AT,8432,Kaindorf an der Sulm,K1
572,Kilian Mehl,AT,2521,Trumau,K2
573,Filip Ne,AT,4073,Wilhering,K3
574,Diego Beh,AT,3264,Gresten,K2
575,Levin Heinemann,AT,2172,Schrattenberg,K2
576,Sofie Spank,AT,4324,Rechberg,K2
577,Luk Krippner,AT,4911,Tumeltsham,K2
578,Elanur Henkel,AT,3973,Karlstift,K3
579,Mirko Scherz,AT,4209,Engerwitzdorf,K2
580,Ylvi Schäffer,AT,7323,Ritzing,K2
581,Vin Golomski,AT,8990,Bad Aussee,K2
582,Victor Hold,AT,4511,Allhaming,K3
583,Nathalie Hallmann,AT,9992,Iselsberg-Stronach,K2
584,Rafael Hepperle,AT,2483,Ebreichsdorf,K3
585,Joschua Dautzenberg,AT,4894,Oberhofen am Irrsee,K2
586,Alexander Byrd,AT,8561,Söding,K1
587,Janosch Eich,AT,8463,Leutschach,K1
588,Lucy Niedermeier,AT,5722,Niedernsill,K3
589,Benno Siebel,AT,8792,St. Peter-Freienstein,K1
590,Liah Rossberg,AT,8481,Weinburg am Saßbach,K3
591,Sanja Nagel,AT,6284,Ramsau im Zillertal,K1
592,Kenan Esser,AT,2244,Spannberg,K1
593,Jared Klaas,AT,8504,Preding,K1
594,Svea Daubner,AT,9010,Klagenfurt am Wörthersee,K3
595,Konrad Greger,AT,5132,Geretsberg,K3
596,Luzie Kolokas,AT,3512,Mautern,K3
597,Jonathan Daubner,AT,2130,Mistelbach,K2
598,Raik Flottmann,AT,4252,Liebenau,K3
599,Medine Schütze,AT,8561,Söding,K2
600,Eddi Orthmann,AT,6700,Bludenz,K3
601,Vincent Tafelmeier,AT,3004,Ried am Riederberg,K2
602,Darian Zipse,AT,6526,Kauns,K3
603,Ron Benner,AT,8077,Gössendorf,K2
604,Lee Kölotzei,AT,2243,Matzen,K2
605,Konstantin Kloss,AT,4652,Steinerkirchen an der Traun,K2
606,Emma Wurm,AT,9908,Amlach,K1
607,Tobias Stief,AT,9536,St. Egyden,K1
608,Elly Betz,AT,3622,Mühldorf,K1
609,Penelope Urban,AT,7471,Rechnitz,K1
610,Oscar Heidelmann,AT,6320,Angerberg,K1
611,Bernd Jahnke,AT,8363,Übersbach,K2
612,Corinna Trampeli,AT,8963,Sankt Nikolai im Sölktal,K2
613,Marisa Laack,AT,8832,Oberwölz,K2
614,Leni Deckert,AT,3253,Erlauf,K1
615,Nathanael Mertens,AT,9854,Malta,K1
616,Merlin Astafei,AT,4565,Inzersdorf im Kremstal,K2
617,Lennard Schwarzmeier,AT,4036,Linz,K1
618,Jolie Bussmann,AT,8813,St. Lambrecht,K1
619,Charlie Zahn,AT,3714,Sitzendorf an der Schmida,K1
620,Denny Orth,AT,2111,Rückersdorf-Harmannsdorf,K3
621,Aliyah Klapper,AT,7033,Pöttsching,K3
622,Taha Hartlieb,AT,8921,Lainbach,K2
623,Nina Ritschel,AT,1017,Wien-Parlament,K3
624,Cecilia Kinadeter,AT,9952,St. Johann im Walde,K2
625,Patrizia Schlicht,AT,8653,Stanz im Mürztal,K3
626,Theresa Diezel,AT,2273,Hohenau an der March,K1
627,Mustafa Klopsch,AT,6141,Schönberg im Stubaital,K1
628,Jamie Zwiener,AT,9701,Rothenthurn,K3
629,Ramon Heidler,AT,4242,Hirschbach im Mühlkreis,K1
630,Jason Heidler,AT,6991,Riezlern,K3
631,Rafael Kappler,AT,4122,Arnreit,K2
632,Ana Jasper,AT,4609,Thalheim bei Wels,K1
633,Corvin Herweg,AT,8422,St. Nikolai ob Draßling,K2
634,Marieke Heinke,AT,8462,Gamlitz,K3
635,Thea Haug,AT,7163,Andau,K1
636,Benedikt Scheytt,AT,7311,Neckenmarkt,K1
637,Ariana Hüttcher,AT,9461,Prebl,K2
638,Zoe Priemer,AT,3074,Michelbach,K3
639,Lilly Wühn,AT,8046,Graz-St. Veit,K3
640,Jeremias Heinze,AT,6145,Navis,K2
641,Philipp Giesa,AT,6845,Hohenems,K1
642,Selin Salzer,AT,2442,Unterwaltersdorf,K1
643,Isabel Obermaier,AT,3163,Rohrbach,K1
644,Madita Hechler,AT,4664,Oberweis,K1
645,Zeynep Abramovic,AT,4853,Steinbach am Attersee,K1
646,Patrizia Dietzsch,AT,2571,Altenmarkt-Thenneberg,K1
647,Liz Frantz,AT,3485,Haitzendorf,K1
648,Sven Hassfeld,AT,3335,Weyer,K1
649,Sebastian Kunz,AT,4312,Ried in der Riedmark,K1
650,Ariana Ibe,AT,5662,Gries,K3
651,Steven Bolm,AT,6646,Hinterhornbach,K2
652,Jenny Koester,AT,2182,Palterndorf,K3
653,Talia Nöh,AT,4470,Enns,K3
654,Philip Streit,AT,3364,Neuhofen an der Ybbs,K3
655,Frieda Nerius,AT,2393,Sittendorf,K3
656,Joscha Schrader,AT,5212,Schneegattern,K3
657,Jolien Nicolay,AT,1111,Wien Postfach,K1
658,Tillmann Sahner,AT,8920,Hieflau,K3
659,René Lepthin,AT,8833,Teufenbach,K2
660,Mara Menga,AT,9771,Berg im Drautal,K3
661,Isabell Kuske,AT,9844,Heiligenblut,K3
662,Jasmine Jaros,AT,9024,Klagenfurt am Wörthersee,K3
663,Vincent Lott,AT,4852,Weyregg am Attersee,K2
664,Sven Kreissig,AT,3292,Gaming,K3
665,Nico Frank,AT,6834,Übersaxen,K1
666,Nico Mewes,AT,5760,Saalfelden am Steinernen Meer,K3
667,Juliane Grossheim,AT,9311,Kraig,K3
668,Mick Cotthardt,AT,5061,Elsbethen-Glasenbach,K2
669,Leonora Kowalinski,AT,6531,Ried im Oberinntal,K2
670,Benno Daub,AT,4205,Kirchschlag bei Linz,K1
671,Jamal Kappe,AT,3503,Krems-Rehberg,K1
672,Franziska Moeller,AT,2721,Bad Fischau,K1
673,Ella Jerschabek,AT,4881,Straß im Attergau,K1
674,Frederick Straub,AT,5640,Bad Gastein,K1
675,Lillian Reichling,AT,3356,Biberbach,K3
676,Lucian Riepl,AT,4931,Mettmach,K1
677,Gino Sievers,AT,8820,Neumarkt in Steiermark,K3
678,Ben Frenzel,AT,4063,Hörsching,K3
679,Angelina Everts,AT,2033,Kammersdorf,K2
680,Liv Maurer,AT,4707,Schlüßlberg,K2
681,Ylvi Sussmann,AT,3500,Krems an der Donau,K3
682,Svenja Konow,AT,9812,Pusarnitz,K3
683,Hauke Waibel,AT,1161,Wien Postfach,K2
684,Ava Sihler,AT,9545,Radenthein,K1
685,Melinda Erm,AT,9762,Weißensee,K1
686,Ashley Rosksch,AT,1041,Wien Postfach,K1
687,Luiz Hübl,AT,4552,Wartberg an der Krems,K3
688,Amira Braun,AT,2320,Schwechat,K2
689,Ela Fitschen,AT,3945,Hoheneich,K2
690,Lilly Hadfield,AT,8641,St. Marein im Mürztal,K2
691,Anouk Krause,AT,9560,Feldkirchen in Kärnten,K1
692,Jule Saile,AT,9862,Kremsbrücke,K3
693,Kira Dittmar,AT,2213,Bockfließ,K2
694,Annika Kirst,AT,2412,Wolfsthal,K3
695,Thorben Zekl,AT,4602,Wels Postfach,K1
696,Tabea Maisch,AT,5142,Eggelsberg,K1
697,Celia Lenk,AT,2349,Mödling,K3
698,Alexandra Dertmann,AT,3671,Marbach an der Donau,K1
699,Johannes Vey,AT,8294,Unterrohr,K3
700,Kimberley Co,AT,8621,Thörl,K1
701,Angelina Marschek,AT,2284,Untersiebenbrunn,K2
702,Tyler Koenig,AT,3380,Pöchlarn,K3
703,Jella Onnen,AT,6854,Dornbirn-Messepark,K1
704,Evelin Stolle,AT,4072,Alkoven,K3
705,Ellen Emmelmann,AT,8733,St. Marein bei Knittelfeld,K1
706,Jolien Koha,AT,4615,Holzhausen,K2
707,Amira Breuer,AT,9918,Strassen,K1
708,Catrin Kruschinski,AT,4274,Schönau im Mühlkreis,K1
709,Felicia Reif,AT,3121,Karlstetten,K3
710,Collin Oeser,AT,2572,Kaumberg,K1
711,Jenna Konow,AT,3400,Klosterneuburg,K2
712,Jesse Sürth,AT,3683,Yspertal,K2
713,Levin Grundmann,AT,9343,Zweinitz,K3
714,Jesse Lichtenfeld,AT,8020,Graz,K2
715,Melek Jess,AT,3633,Schönbach,K3
716,Lily Marchewski,AT,9412,St. Margarethen im Lavanttal,K1
717,Jolie Bogdashin,AT,9932,Innervillgraten,K2
718,Carolin Pöge,AT,2523,Tattendorf,K2
719,Domenik Brunner,AT,4612,Scharten,K1
720,Tessa Petzold,AT,8694,Frein an der Mürz,K2
721,Markus Peselman,AT,4391,Waldhausen im Strudengau,K2
722,Janek Borrmann,AT,1004,Wien,K2
723,Kerem Lindner,AT,6116,Weer,K2
724,Jonte Hermecke,AT,6072,Lans,K3
725,Karina Fricke,AT,4926,St. Marienkirchen am Hausruck,K1
726,Devin Cornelsen,AT,4664,Oberweis,K2
727,Tamina Krüger,AT,3322,Viehdorf,K2
728,Lara Plotzitzka,AT,2305,Eckartsau,K3
729,Carla Waldmann,AT,9803,Spittal an der Drau,K1
730,Josy Kubera,AT,8554,Soboth,K2
731,Nikita Abel,AT,8353,Kapfenstein,K2
732,Heidi Priemer,AT,7563,Königsdorf,K1
733,Elina Pippig,AT,5302,Henndorf am Wallersee,K2
734,Alea Von,AT,4172,St. Johann am Wimberg,K3
735,Eliana Stepanov,AT,5273,Roßbach,K3
736,Raphael Poschmann,AT,3663,Laimbach am Ostrong,K2
737,Jolina Sprenger,AT,7072,Mörbisch am See,K2
738,Marlen Dombrowski,AT,3710,Ziersdorf,K1
739,Cem Reinberg,AT,9963,St. Jakob in Defereggen,K3
740,Annie Kozakiewicz,AT,6071,Aldrans,K2
741,Jerome Decker,AT,8443,Gleinstätten,K2
742,Raphael Greithanner,AT,9125,Kühnsdorf,K2
743,Marina Mensing,AT,6863,Egg,K2
744,Alexandra Jasper,AT,8934,Altenmarkt bei St. Gallen,K3
745,Laurin Kleinert,AT,1111,Wien Postfach,K1
746,Jill Dutkiewicz,AT,6134,Vomp,K3
747,Jesper Gromisch,AT,1130,Wien,K1
748,Evelina Wassiluk,AT,4852,Weyregg am Attersee,K1
749,Rosa Donie,AT,7142,Illmitz,K2
750,Teresa Sauer,AT,3261,Steinakirchen am Forst,K3
751,Naemi Storl,AT,8961,Stein an der Enns,K3
752,Kaja Göhler,AT,8694,Frein an der Mürz,K1
753,Miguel Matschke,AT,9322,Micheldorf,K2
754,Josy Kluwe,AT,2630,Ternitz,K2
755,Julius Daimer,AT,3160,Traisen,K1
756,Mads Ibe,AT,3200,Ober-Grafendorf,K2
757,Alissa Kutzner,AT,8222,St. Johann bei Herberstein,K1
758,Julie Sonnabend,AT,8841,Frojach,K2
759,Lotta Gilde,AT,9473,Lavamünd,K1
760,Leona Sommer,AT,8623,Aflenz Kurort,K3
761,Lilli Landmann,AT,4650,Lambach,K2
762,Tanja Strausa,AT,8833,Teufenbach,K3
763,Louise Hermann,AT,9172,Zell-Pfarre,K1
764,Elanur Duma,AT,8693,Mürzsteg,K1
765,Mieke Sprenger,AT,2063,Zwingendorf,K2
766,Zoe Waschbüsch,AT,3811,Kirchberg an der Wild,K1
767,Mina Böttner,AT,4030,Linz,K1
768,Jannes Horak,AT,6463,Karrösten,K3
769,Luise Platzer,AT,8017,Graz,K3
770,Yannis Dix,AT,5442,Rußbach am Paß Gschütt,K2
771,Viola Sören,AT,1025,Wien,K3
772,Laurence Philipp,AT,4731,Prambachkirchen,K2
773,Lorena Langhirt,AT,4222,St. Georgen an der Gusen,K2
774,Cora Krüger,AT,6572,Flirsch,K3
775,Madleen Floder,AT,9920,Sillian,K3
776,Yasmin Vey,AT,9854,Malta,K3
777,Emmy Agostini,AT,6281,Gerlos,K3
778,Theodor Kwadwo,AT,9913,Abfaltersbach,K3
779,Jonna Schulte,AT,8273,Ebersdorf,K3
780,Ada Kleinmann,AT,8007,Graz,K1
781,Maria Krieger,AT,9312,Meiselding,K1
782,Korinna Giesche,AT,8250,Vorau,K2
783,Jamila Glatting,AT,9782,Nikolsdorf,K2
784,Amy Kesselring,AT,1230,Wien,K2
785,Markus Bornscheuer,AT,8783,Gaishorn am See,K1
786,Yara Motchebon,AT,2565,Neuhaus,K3
787,Julian Lauckner,AT,6763,Zürs,K2
788,Antonia Dörre,AT,9501,Villach,K1
789,Sandy Wollmann,AT,9909,Leisach,K3
790,Lewis Daub,AT,8412,Allerheiligen bei Wildon,K1
791,Lennard Muller,AT,8523,Frauental an der Laßnitz,K1
792,Sena Buss,AT,4864,Attersee,K1
793,Nicolai Friedenberg,AT,9431,St. Stefan,K1
794,Nisa Schrader,AT,7443,Rattersdorf-Liebing,K2
795,Fiona Bolm,AT,3393,Matzleinsdorf,K2
796,Malin Molzan,AT,1029,Wien,K2
797,Dennis Gadschiew,AT,4562,Steinbach am Ziehberg,K3
798,Alisha Amberg,AT,6344,Walchsee,K3
799,Jacob Hartwig,AT,4721,Altschwendt,K3
800,Malin Saumweber,AT,2721,Bad Fischau,K2
801,Henry Koster,AT,7163,Andau,K2
802,Celine Voigt,AT,9815,Kolbnitz,K2
803,Abigail Güldemeister,AT,3231,St. Margarethen an der Sierning,K3
804,Andreas Kohnle,AT,8672,St. Kathrein am Hauenstein,K3
805,Katja Dolch,AT,9103,Diex,K2
806,Leon Heinke,AT,4849,Puchkirchen am Trattberg,K1
807,Omar Tischmann,AT,2295,Oberweiden,K1
808,Jean Baseda,AT,3073,Stössing,K1
809,Paulina Vangermain,AT,4115,Kleinzell im Mühlkreis,K3
810,Enrico Stauss,AT,3282,St. Georgen an der Leys,K2
811,Sonja Kleinert,AT,9530,Bad Bleiberg,K3
812,Oskar Mebold,AT,9135,Bad Eisenkappel,K3
813,Stefan Lenk,AT,5742,Wald im Pinzgau,K3
814,Tommy Winkelmann,AT,4926,St. Marienkirchen am Hausruck,K2
815,Lucia Sonn,AT,8563,Ligist,K2
816,Benedikt Jansen,AT,1015,Wien,K2
817,Romina Greschner,AT,6403,Flaurling,K3
818,Juna Strieder,AT,3671,Marbach an der Donau,K3
819,Emely Höcke,AT,3250,Wieselburg,K2
820,Jerome Wanner,AT,4891,Pöndorf,K1
821,Clara Schnürer,AT,2630,Ternitz,K2
822,Melisa Sillah,AT,9132,Gallizien,K1
823,Daniela Isak,AT,9461,Prebl,K1
824,Paula Seiler,AT,8562,Mooskirchen,K3
825,Lavinia Zekl,AT,2244,Spannberg,K1
826,Torben Krippner,AT,3473,Mühlbach am Manhartsberg,K3
827,Jonte Frey,AT,1032,Wien,K3
828,Marlo Schwerdtner,AT,9500,Villach,K1
829,Ludwig Schniedermeier,AT,4906,Eberschwang,K3
830,Eddi Zipse,AT,2821,Lanzenkirchen,K1
831,Til Goldkamp,AT,3544,Idolsberg,K1
832,Jan Bloch,AT,3595,Brunn an der Wild,K3
833,Juan Manns,AT,6787,Gargellen,K3
834,Dana Mehlhorn,AT,2651,Reichenau an der Rax,K2
835,Emma Schacht,AT,9161,Maria Rain,K3
836,Mieke Seibold,AT,2165,Drasenhofen,K2
837,Emmy Zeidler,AT,4985,Katzenberg,K2
838,Dylan Danneberg,AT,6781,Bartholomäberg,K2
839,Collien Streese,AT,8773,Kammern im Liesingtal,K1
840,Romy Klaas,AT,8352,Unterlamm,K2
841,Nikolai Riermeier,AT,2352,Gumpoldskirchen,K2
842,Tessa Gürbig,AT,6283,Hippach,K3
843,Bennett Brehmer,AT,3680,Persenbeug,K3
844,Samantha Dippl,AT,6019,Innsbruck,K2
845,Karlo Sprenger,AT,3824,Großau,K3
846,Henri Letzelter,AT,2137,Eibesthal,K1
847,Lina Huber,AT,3390,Melk,K3
848,Paulina Sporrer,AT,5252,Aspach,K1
849,Jaron Preuk,AT,2752,Wöllersdorf,K1
850,Jil Strogies,AT,8153,Geistthal,K3
851,Juliana Kisabaka,AT,4701,Bad Schallerbach,K2
852,Daniela Grundmann,AT,9312,Meiselding,K2
853,Amelie Heuck,AT,8411,Hengsberg,K2
854,Noah Schönherr,AT,6741,Raggal,K3
855,Giuseppe Karst,AT,4822,Bad Goisern am Hallstättersee,K3
856,Mette Diedrich,AT,2272,Niederabsdorf,K1
857,Xenia Karhoff,AT,3171,Kleinzell-Salzerbad,K1
858,Isabella Riermeier,AT,9313,St. Georgen am Längsee,K2
859,Timon Mattern,AT,3493,Hadersdorf am Kamp,K2
860,Angela Kloss,AT,3722,Straning,K3
861,Nikolas Aigner,AT,7212,Forchtenstein,K3
862,Anthony Frosch,AT,5232,Kirchberg bei Mattighofen,K3
863,Maike Ruch,AT,7302,Nikitsch,K2
864,Monique Steigauf,AT,4985,Katzenberg,K3
865,Vitus Jahn,AT,5611,Großarl,K2
866,Lucie Jansen,AT,4452,Ternberg,K3
867,Milan Paukner,AT,9545,Radenthein,K2
868,Lorena Lesch,AT,4880,St. Georgen im Attergau,K3
869,Maurice Berner,AT,2264,Jedenspeigen,K1
870,Pascal Panzig,AT,8230,Hartberg,K1
871,Leona Knetsch,AT,8481,Weinburg am Saßbach,K2
872,Calvin Roschinsky,AT,8043,Graz-Kroisbach,K1
873,Hugo Stahl,AT,2334,Vösendorf,K3
874,Johanna Konya,AT,4813,Altmünster,K1
875,Nora Steidl,AT,7372,Draßmarkt,K1
876,Jay Milde,AT,2631,Sieding-Stixenstein,K1
877,Gina Reiber,AT,4641,Steinhaus,K1
878,Ryan Knorscheidt,AT,8016,Graz,K2
879,Selin Heidelmann,AT,4903,Manning,K1
880,Julius Sonn,AT,1000,Wien,K2
881,Lenia Ritz,AT,9300,St. Veit an der Glan,K1
882,Luna Franke,AT,4926,St. Marienkirchen am Hausruck,K2
883,Quentin Kühnemund,AT,4143,Neustift im Mühlkreis,K2
884,Dennis Nastvogel,AT,4360,Grein,K3
885,Helene Nwachukwu,AT,8764,Pusterwald,K3
886,Aylin Noack,AT,8421,Wolfsberg im Schwarzautal,K3
887,Mario Mulrain,AT,4284,Tragwein,K3
888,Max Arndt,AT,6234,Brandenberg,K1
889,Bastian Sutschet,AT,3108,St. Pölten-Wagram,K3
890,Karlotta Aigner,AT,6500,Landeck,K3
891,Vivien Leist,AT,9530,Bad Bleiberg,K3
892,Alexandra Stenzel,AT,8722,Knittelfeld,K3
893,Fabrice Riermeier,AT,4961,Mühlheim am Inn,K1
894,Kilian Krüger,AT,6176,Völs,K3
895,Marla Trautmann,AT,6385,Schwendt,K1
896,Sean Schonberg,AT,9422,Maria Rojach,K2
897,William Thöne,AT,4715,Taufkirchen an der Trattnach,K3
898,Rania Donie,AT,9342,Gurk,K3
899,Fabienne Kloss,AT,8324,Kirchberg an der Raab,K3
900,Enno Farber,AT,4102,Goldwörth,K1
901,Lasse Neimke,AT,2020,Hollabrunn,K1
902,Valentino Gunther,AT,8673,Ratten,K2
903,Juliane Maybach,AT,7024,Hirm,K1
904,Ida Mehlorn,AT,9028,Klagenfurt am Wörthersee,K1
905,Manuel Fusenig,AT,2184,Hauskirchen,K2
906,Brian Schirmer,AT,8302,Nestelbach bei Graz,K2
907,Selin Soller,AT,8793,Trofaiach,K1
908,Jarne Molitor,AT,4211,Alberndorf in der Riedmark,K1
909,Maxim Poschmann,AT,5132,Geretsberg,K3
910,Kaan Rädler,AT,3663,Laimbach am Ostrong,K2
911,Batuhan Mathes,AT,1147,Wien,K3
912,Mohammad Schwarzkopf,AT,4192,Schenkenfelden,K2
913,Daria Dächert,AT,2223,Hohenruppersdorf,K2
914,Tim Mulrain,AT,2464,Göttlesbrunn,K2
915,Karlo Alexander,AT,4064,Oftering,K2
916,Lenn Freisen,AT,8543,St. Martin im Sulmtal,K2
917,Annemarie Greger,AT,3101,St. Pölten Postfach,K1
918,Dylan Lindenberg,AT,7052,Müllendorf,K2
919,Lilli Mehlorn,AT,4761,Enzenkirchen,K2
920,Eliah Sarvari,AT,6671,Weißenbach am Lech,K3
921,Lucia Löser,AT,6555,Kappl,K1
922,Vin Hertel,AT,4891,Pöndorf,K3
923,Teresa Blassneck,AT,4931,Mettmach,K1
924,Amanda Löwa,AT,3541,Senftenberg,K3
925,Arno Reichel,AT,7504,Jabing,K2
926,Maren Strege,AT,2604,Theresienfeld,K3
927,Jenny Travan,AT,8784,Trieben,K3
928,Nike Bogdashin,AT,2134,Staatz-Kautendorf,K3
929,Nico Roloff,AT,3834,Pfaffenschlag bei Waidhofen an der Thaya,K1
930,Malik Spinner,AT,3491,Straß im Straßertale,K3
931,Lindsay Vogt,AT,2024,Mailberg,K3
932,Abdul Bielert,AT,8253,Waldbach,K3
933,Jolina Hessler,AT,2225,Zistersdorf,K3
934,Damien Maak,AT,6528,Fendels,K1
935,Jean Ostendarp,AT,5012,Salzburg,K1
936,Fabienne Restle,AT,2020,Hollabrunn,K3
937,Louisa Lufft,AT,2143,Großkrut,K3
938,Ella Boyde,AT,2514,Traiskirchen,K3
939,Alessio Brömme,AT,2552,Hirtenberg,K1
940,Umut Emmelmann,AT,9183,Rosenbach,K1
941,Miguel Sagonas,AT,6473,Wenns,K2
942,Mikail Verniest,AT,5152,Michaelbeuern,K1
943,Aliyah Lipus,AT,6322,Kirchbichl,K1
944,Valentino Nussbeck,AT,2351,Wiener Neudorf,K3
945,Laurence Restorff,AT,4324,Rechberg,K3
946,Jari Günther,AT,6154,St. Jodok am Brenner,K3
947,Michael Weimer,AT,5661,Rauris,K2
948,Chiara Kreb,AT,8841,Frojach,K2
949,Damian Hillard,AT,2221,Groß Schweinbarth,K1
950,Rocco Storp,AT,2406,Haslau an der Donau,K1
951,Christina Umlauft,AT,5571,Mariapfarr,K3
952,Natalia Riester,AT,6719,Bludesch,K2
953,Nisa Emmelmann,AT,7373,Piringsdorf,K3
954,Franziska Bienasch,AT,3282,St. Georgen an der Leys,K2
955,Elly Kohle,AT,5450,Werfen,K3
956,Leann Bartels,AT,9507,Villach,K2
957,Lion Just,AT,2505,Baden-Leesdorf,K2
958,Clemens Eplinius,AT,9781,Oberdrauburg,K3
959,Alia Duma,AT,3282,St. Georgen an der Leys,K1
960,Leona Poeschl,AT,3763,Japons,K3
961,Nadine Winkelmann,AT,3482,Gösing am Wagram,K1
962,Fabrice Schüppel,AT,2130,Mistelbach,K2
963,Laura Langfeld,AT,7540,Güssing,K2
964,Viktoria Balck,AT,1160,Wien,K3
965,Nora Gehrke,AT,2152,Gnadendorf,K2
966,Steven Dittmar,AT,5143,Feldkirchen bei Mattighofen,K2
967,Saskia Busch,AT,1136,Wien,K2
968,Elsa Thiomas,AT,4574,Vorderstoder,K3
969,Mathilda Rosenauer,AT,4213,Unterweitersdorf,K1
970,Matthis Logsch,AT,2170,Poysdorf,K1
971,Riccardo Gaba,AT,2274,Rabensburg,K2
972,Angelo Marschek,AT,2031,Eggendorf im Thale,K1
973,Jasper Tucholke,AT,3601,Dürnstein,K1
974,Franka Kluwe,AT,3494,Gedersdorf,K3
975,Hauke Wolfarth,AT,8732,Seckau,K2
976,Konrad Schönlebe,AT,4921,Hohenzell,K2
977,Enna Gutschank,AT,6232,Münster,K1
978,Rafael Siener,AT,2662,Schwarzau im Gebirge,K2
979,Hussein Grau,AT,8844,Schöder,K3
980,Marleen Heydemüller,AT,4671,Neukirchen bei Lambach,K1
981,Alex Schmitt,AT,3144,Wald,K3
982,Jonah Rödiger,AT,3130,Herzogenburg,K3
983,Dustin Kuske,AT,4343,Mitterkirchen,K2
984,Matteo Reiber,AT,4596,Steinbach an der Steyr,K3
985,Johnny Duma,AT,9551,Bodensdorf,K1
986,Hannah Sachse,AT,9722,Gummern,K1
987,Estelle Reichel,AT,9781,Oberdrauburg,K3
988,Philipp Schedler,AT,4984,Weilbach,K1
989,Nike Horn,AT,9330,Treibach-Althofen,K2
990,Darleen Albrecht,AT,4871,Zipf,K2
991,Leandro Gehring,AT,4162,Julbach,K2
992,Ismail Hamann,AT,4942,Gurten,K1
993,Ludwig Kuske,AT,7311,Neckenmarkt,K1
994,Elina Ernst,AT,9170,Ferlach,K3
995,Benno Küter,AT,6403,Flaurling,K2
996,Talea Gratzky,AT,3470,Kirchberg am Wagram,K2
997,Giulia Maak,AT,8280,Fürstenfeld,K2
998,Samira Bichler,AT,6622,Berwang,K2
999,Heidi Weidner,AT,8230,Hartberg,K1
